"analysis_id","repo","consumer_file","line_or_expression","match_type","matched_token","enclosing_call","dependency_kind","active_or_historical","runtime_relevant","confidence","adjudication"
"export_marker_traits","pRoteomics","pipeline.yml","201: produces: [""results/qc/export_marker_traits/<dataset>/tables""]","FULL_PATH","results/qc/export_marker_traits/<dataset>/tables","","CONFIG","active",TRUE,"HIGH",""
"export_marker_traits","pRoteomics","pipeline.yml","78: consumes_required: [""data/processed/01_preprocessing/joint_compartment_qc/global/joint_compartment_qc_matrices.rds"", ""results/tables/03_qc_exploration/0","REGISTRY_DEPENDENCY","03_qc_exploration","","CONFIG","active",TRUE,"HIGH",""
"export_marker_traits","pRoteomics","pipeline.yml","170: consumes_optional: [""data/metadata/manual_mapping.xlsx"", ""data/metadata/manual_gene_annotation_overrides.csv"", ""results/qc/discover_empirical_roi_marker","REGISTRY_DEPENDENCY","03_qc_exploration","","CONFIG","active",TRUE,"HIGH",""
"export_marker_traits","pRoteomics","pipeline.yml","203: consumes_optional: [""data/metadata/manual_mapping.xlsx"", ""data/metadata/manual_gene_annotation_overrides.csv"", ""results/qc/discover_empirical_roi_marker","REGISTRY_DEPENDENCY","03_qc_exploration","","CONFIG","active",TRUE,"HIGH",""
"export_marker_traits","pRoteomics","pipeline.yml","213: consumes_required: [""results/qc/assess_pca_confounding/<dataset>/tables"", ""results/tables/03_qc_exploration/05_pca_confounding_qc/<dataset>/"", ""results/","REGISTRY_DEPENDENCY","03_qc_exploration","","CONFIG","active",TRUE,"HIGH",""
"export_marker_traits","pRoteomics","pipeline.yml","214: consumes_optional: [""results/qc/assess_marker_rank_abundance/<dataset>/tables"", ""results/tables/03_qc_exploration/04_marker_rank_abundance_qc/<dataset>/","REGISTRY_DEPENDENCY","03_qc_exploration","","CONFIG","active",TRUE,"HIGH",""
"export_marker_traits","pRoteomics","pipeline.yml","286: consumes_optional: [""config/marker_panels/wgcna_reference_marker_sets.csv"", ""results/qc/discover_empirical_roi_markers/global/tables/empirical_roi_marke","REGISTRY_DEPENDENCY","03_qc_exploration","","CONFIG","active",TRUE,"HIGH",""
"export_marker_traits","pRoteomics","pipeline.yml","481: consumes_optional: [""config/marker_panels/wgcna_reference_marker_sets.csv"", ""results/qc/discover_empirical_roi_markers/global/tables/empirical_roi_marke","REGISTRY_DEPENDENCY","03_qc_exploration","","CONFIG","active",TRUE,"HIGH",""
"export_marker_traits","pRoteomics","pipeline.yml","584: consumes_optional: [""results/tables/03_qc_exploration/06_wgcna_marker_trait_export/microglia/wgcna_marker_traits_by_sample.csv"", ""results/tables/03_qc_e","REGISTRY_DEPENDENCY","03_qc_exploration","","CONFIG","active",TRUE,"HIGH",""
"export_marker_traits","pRoteomics","pipeline.yml","616: - ""results/tables/03_qc_exploration/06_wgcna_marker_trait_export/microglia/wgcna_marker_traits_by_sample.csv""","NAMESPACE_BASENAME","03_qc_exploration","","CONFIG","active",TRUE,"MEDIUM",""
"export_marker_traits","pRoteomics","pipeline.yml","617: - ""results/tables/03_qc_exploration/06_wgcna_marker_trait_export/neuron_neuropil/wgcna_marker_traits_by_sample.csv""","NAMESPACE_BASENAME","03_qc_exploration","","CONFIG","active",TRUE,"MEDIUM",""
"export_marker_traits","pRoteomics","pipeline.yml","618: - ""results/tables/03_qc_exploration/06_wgcna_marker_trait_export/neuron_soma/wgcna_marker_traits_by_sample.csv""","NAMESPACE_BASENAME","03_qc_exploration","","CONFIG","active",TRUE,"MEDIUM",""
"export_marker_traits","pRoteomics","pipeline.yml","648: consumes_optional: [""results/tables/06_modules_WGCNA/01_WGCNA/<dataset>/modules/WGCNA_module_preservation_summary.csv"", ""results/tables/03_qc_exploratio","REGISTRY_DEPENDENCY","03_qc_exploration","","CONFIG","active",TRUE,"HIGH",""
"export_marker_traits","pRoteomics","pipeline.yml","873: - ""results/tables/03_qc_exploration/05_empirical_roi_marker_discovery/empirical_roi_protein_identity_crosswalk_proposed.csv""","NAMESPACE_BASENAME","03_qc_exploration","","CONFIG","active",TRUE,"MEDIUM",""
"export_marker_traits","pRoteomics","pipeline.yml","876: - ""results/tables/03_qc_exploration/05_empirical_roi_marker_discovery/empirical_roi_marker_sets.csv""","NAMESPACE_BASENAME","03_qc_exploration","","CONFIG","active",TRUE,"MEDIUM",""
"export_marker_traits","pRoteomics","pipeline.yml","922: - ""results/tables/03_qc_exploration/05_empirical_roi_marker_discovery/empirical_roi_marker_sets.csv""","NAMESPACE_BASENAME","03_qc_exploration","","CONFIG","active",TRUE,"MEDIUM",""
"export_marker_traits","pRoteomics","pipeline.yml","988: - ""results/tables/03_qc_exploration/05_empirical_roi_marker_discovery/empirical_roi_marker_sets.csv""","NAMESPACE_BASENAME","03_qc_exploration","","CONFIG","active",TRUE,"MEDIUM",""
"export_marker_traits","pRoteomics","pipeline.yml","1041: - ""results/tables/03_qc_exploration/""","NAMESPACE_BASENAME","03_qc_exploration","","CONFIG","active",TRUE,"MEDIUM",""
"export_marker_traits","pRoteomics","pipeline.yml","1143: - ""results/tables/03_qc_exploration/00_dataset_qc_report/neuron_neuropil/dataset_qc_outlier_flags.csv""","NAMESPACE_BASENAME","03_qc_exploration","","CONFIG","active",TRUE,"MEDIUM",""
"export_marker_traits","pRoteomics","pipeline.yml","1262: consumes_optional: [""results/tables/04_differential_expression_enrichment/biological_program_summary/"", ""results/differential_abundance/compare_external","REGISTRY_DEPENDENCY","03_qc_exploration","","CONFIG","active",TRUE,"HIGH",""
"export_marker_traits","pRoteomics","pipeline.yml","584: consumes_optional: [""results/tables/03_qc_exploration/06_wgcna_marker_trait_export/microglia/wgcna_marker_traits_by_sample.csv"", ""results/tables/03_qc_e","REGISTRY_DEPENDENCY","06_wgcna_marker_trait_export","","CONFIG","active",TRUE,"HIGH",""
"export_marker_traits","pRoteomics","pipeline.yml","616: - ""results/tables/03_qc_exploration/06_wgcna_marker_trait_export/microglia/wgcna_marker_traits_by_sample.csv""","NAMESPACE_BASENAME","06_wgcna_marker_trait_export","","CONFIG","active",TRUE,"MEDIUM",""
"export_marker_traits","pRoteomics","pipeline.yml","617: - ""results/tables/03_qc_exploration/06_wgcna_marker_trait_export/neuron_neuropil/wgcna_marker_traits_by_sample.csv""","NAMESPACE_BASENAME","06_wgcna_marker_trait_export","","CONFIG","active",TRUE,"MEDIUM",""
"export_marker_traits","pRoteomics","pipeline.yml","618: - ""results/tables/03_qc_exploration/06_wgcna_marker_trait_export/neuron_soma/wgcna_marker_traits_by_sample.csv""","NAMESPACE_BASENAME","06_wgcna_marker_trait_export","","CONFIG","active",TRUE,"MEDIUM",""
"export_marker_traits","pRoteomics","analysis/publication_source_data/08_export_manuscript_figures.R","38: path_results(""figures"", ""03_qc_exploration""),","NAMESPACE_BASENAME","03_qc_exploration","","DOWNSTREAM_ANALYSIS","active",TRUE,"MEDIUM",""
"export_marker_traits","pRoteomics","tools/generate_results_ownership.R","175: ""`results/tables/03_qc_exploration/02_missingness_diagnostics/`: the namespace"",","NAMESPACE_BASENAME","03_qc_exploration","","EXPORTER","active",TRUE,"MEDIUM",""
"export_marker_traits","pRoteomics","analysis/publication_source_data/build_biological_claims_table.R","213: fidelity <- read_csv_if_exists(path_results(""tables"", ""03_qc_exploration"", ""04d_compartment_marker_fidelity"", ""global"", ""compartment_marker_fidelity_summary.c","NAMESPACE_BASENAME","03_qc_exploration","path_results","INDIRECT_READER_VIA_HELPER","active",TRUE,"HIGH",""
"export_marker_traits","pRoteomics","R/qc/qc_result_paths.R","64: legacy_scoped <- path_results(kind, ""03_qc_exploration"", legacy_substep,","NAMESPACE_BASENAME","03_qc_exploration","","INDIRECT_READER_VIA_HELPER","active",TRUE,"MEDIUM",""
"export_marker_traits","pRoteomics","R/qc/qc_result_paths.R","66: legacy_flat <- path_results(kind, ""03_qc_exploration"", legacy_substep, filename)","NAMESPACE_BASENAME","03_qc_exploration","","INDIRECT_READER_VIA_HELPER","active",TRUE,"MEDIUM",""
"export_marker_traits","pRoteomics","R/qc/qc_result_paths.R","101: scoped <- path_results(kind, ""03_qc_exploration"", legacy_substep, scope)","NAMESPACE_BASENAME","03_qc_exploration","","INDIRECT_READER_VIA_HELPER","active",TRUE,"MEDIUM",""
"export_marker_traits","pRoteomics","R/qc/qc_result_paths.R","103: flat <- path_results(kind, ""03_qc_exploration"", legacy_substep)","NAMESPACE_BASENAME","03_qc_exploration","","INDIRECT_READER_VIA_HELPER","active",TRUE,"MEDIUM",""
"export_marker_traits","pRoteomics","R/statistics/wgcna_downstream_utils.R","897: legacy_substep = ""06_wgcna_marker_trait_export"",","NAMESPACE_BASENAME","06_wgcna_marker_trait_export","","INDIRECT_READER_VIA_HELPER","active",TRUE,"MEDIUM",""
"export_marker_traits","pRoteomics","R/utilities/export_helpers.R","756: if (grepl(""/03_qc_exploration/"", p) || grepl(""/reports/03_qc"", p) ||","NAMESPACE_BASENAME","03_qc_exploration","grepl","INDIRECT_READER_VIA_HELPER","active",TRUE,"MEDIUM",""
"export_marker_traits","pRoteomics","tests/testthat/test-export-target-path-budget.R","18: ""03_qc_exploration"",","TEST_FRAGMENT","03_qc_exploration","","TEST","active",TRUE,"MEDIUM",""
"export_marker_traits","pRoteomics","tests/testthat/test-output-namespace-contract.R","9: ""results/figures/03_qc_exploration/global/panel.svg"",","TEST_FRAGMENT","03_qc_exploration","","TEST","active",TRUE,"MEDIUM",""
"export_marker_traits","pRoteomics","tests/testthat/test-qc-writer-namespace.R","27: LEGACY_NS <- ""03_qc_exploration""","TEST_FRAGMENT","03_qc_exploration","","TEST","active",TRUE,"MEDIUM",""
"export_marker_traits","pRoteomics","pipeline.yml","196: - script: ""analysis/qc/export_marker_traits.R""","ANALYSIS_REFERENCE","export_marker_traits","","CONFIG","active",FALSE,"MEDIUM",""
"export_marker_traits","pRoteomics","pipeline.yml","201: produces: [""results/qc/export_marker_traits/<dataset>/tables""]","ANALYSIS_REFERENCE","export_marker_traits","","CONFIG","active",FALSE,"MEDIUM",""
"export_marker_traits","pRoteomics","pipeline.yml","196: - script: ""analysis/qc/export_marker_traits.R""","ANALYSIS_REFERENCE","export_marker_traits.R","","CONFIG","active",FALSE,"MEDIUM",""
"export_marker_traits","pRoteomics","analysis/differential_abundance/test_microglia_targeted_signatures.R","7: # Consumes: required results/differential_abundance/run_clusterprofiler_enrichment/microglia/models/clusterProfiler_manifest.csv; data/processed/04_differential","DOCUMENTATION_ONLY","03_qc_exploration","","DOCUMENTATION","active",FALSE,"N/A",""
"export_marker_traits","pRoteomics","analysis/qc/README.md","13: Rscript 03_qc_exploration/<script>.r --dataset neuron_neuropil --dry-run","NAMESPACE_BASENAME","03_qc_exploration","","DOCUMENTATION","active",FALSE,"MEDIUM",""
"export_marker_traits","pRoteomics","analysis/qc/README.md","14: Rscript 03_qc_exploration/<script>.r --dataset neuron_soma --dry-run","NAMESPACE_BASENAME","03_qc_exploration","","DOCUMENTATION","active",FALSE,"MEDIUM",""
"export_marker_traits","pRoteomics","analysis/qc/README.md","15: Rscript 03_qc_exploration/<script>.r --dataset microglia --dry-run","NAMESPACE_BASENAME","03_qc_exploration","","DOCUMENTATION","active",FALSE,"MEDIUM",""
"export_marker_traits","pRoteomics","analysis/qc/README.md","49: `results/figures/03_qc_exploration/00b_joint_compartment_qc/publication_style/global/`.","NAMESPACE_BASENAME","03_qc_exploration","","DOCUMENTATION","active",FALSE,"MEDIUM",""
"export_marker_traits","pRoteomics","analysis/qc/README.md","60: `results/*/03_qc_exploration/00b_joint_compartment_qc/global/`.","NAMESPACE_BASENAME","03_qc_exploration","","DOCUMENTATION","active",FALSE,"MEDIUM",""
"export_marker_traits","pRoteomics","analysis/qc/README.md","81: flags under `results/*/03_qc_exploration/00_dataset_qc_report/<dataset>/`.","NAMESPACE_BASENAME","03_qc_exploration","","DOCUMENTATION","active",FALSE,"MEDIUM",""
"export_marker_traits","pRoteomics","analysis/qc/README.md","88: tables under `results/figures|tables|logs/03_qc_exploration/01_sample_qc_quicksearch/<dataset>/`.","NAMESPACE_BASENAME","03_qc_exploration","","DOCUMENTATION","active",FALSE,"MEDIUM",""
"export_marker_traits","pRoteomics","analysis/qc/render_joint_compartment_qc_figures.R","8: # Consumes: required data/processed/01_preprocessing/joint_compartment_qc/global/joint_compartment_qc_matrices.rds; results/tables/03_qc_exploration/00b_joint_c","DOCUMENTATION_ONLY","03_qc_exploration","","DOCUMENTATION","active",FALSE,"N/A",""
"export_marker_traits","pRoteomics","analysis/qc/summarize_qc_confounding.R","5: # Consumes: required results/qc/assess_pca_confounding/<dataset>/tables; results/tables/03_qc_exploration/05_pca_confounding_qc/<dataset>/; results/qc/partition","DOCUMENTATION_ONLY","03_qc_exploration","","DOCUMENTATION","active",FALSE,"N/A",""
"export_marker_traits","pRoteomics","analysis/spatial_validation/audit_ca2_slm_robustness.R","52: # Consumes: required data/processed/02_id_mapping/mapped/neuron_neuropil/forward/per_file/CA2slmsus_CA2slmres.csv; data/raw/pg_matrix/quicksearch.pg_matrix.tsv;","DOCUMENTATION_ONLY","03_qc_exploration","","DOCUMENTATION","active",FALSE,"N/A",""
"export_marker_traits","pRoteomics","analysis/spatial_validation/build_protein_spatial_atlas.R","20: # Consumes: required results/tables/10_biological_integration/wgcna_candidate_protein_shortlist/global/wgcna_candidate_proteins_all.csv; optional results/spatia","DOCUMENTATION_ONLY","03_qc_exploration","","DOCUMENTATION","active",FALSE,"N/A",""
"export_marker_traits","pRoteomics","analysis/spatial_validation/decompose_bilateral_variance.R","36: # Consumes: required results/tables/06_modules_WGCNA/group_effects/<dataset>/WGCNA_group_effect_hemisphere_values.csv; optional config/marker_panels/wgcna_refer","DOCUMENTATION_ONLY","03_qc_exploration","","DOCUMENTATION","active",FALSE,"N/A",""
"export_marker_traits","pRoteomics","analysis/spatial_validation/quantify_empirical_compartments.R","29: # Consumes: required results/tables/03_qc_exploration/05_empirical_roi_marker_discovery/empirical_roi_protein_identity_crosswalk_proposed.csv; optional results/","DOCUMENTATION_ONLY","03_qc_exploration","","DOCUMENTATION","active",FALSE,"N/A",""
"export_marker_traits","pRoteomics","analysis/spatial_validation/quantify_neuropil_precision.R","28: # Consumes: required data/processed/02_id_mapping_animal_level/mapped/neuron_neuropil/forward/per_file/; optional data/raw/pg_matrix/quicksearch.pg_matrix.tsv;","DOCUMENTATION_ONLY","03_qc_exploration","","DOCUMENTATION","active",FALSE,"N/A",""
"export_marker_traits","pRoteomics","docs/ANALYSIS_ENTRYPOINTS.md","52: | inputs | `data/processed/01_preprocessing/joint_compartment_qc/global/joint_compartment_qc_matrices.rds`, `results/tables/03_qc_exploration/00b_joint_compartm","NAMESPACE_BASENAME","03_qc_exploration","","DOCUMENTATION","active",FALSE,"MEDIUM",""
"export_marker_traits","pRoteomics","docs/ANALYSIS_ENTRYPOINTS.md","89: | inputs | `data/processed/01_preprocessing/06_merged_metadata_module_score/<dataset>/sample_metadata_merged_clean_for_module_scores.xlsx`, `results/tables/03_q","NAMESPACE_BASENAME","03_qc_exploration","","DOCUMENTATION","active",FALSE,"MEDIUM",""
"export_marker_traits","pRoteomics","docs/ANALYSIS_ENTRYPOINTS.md","75: - `analysis/qc/export_marker_traits.R` - stage `qc`, scope `dataset_specific`","ANALYSIS_REFERENCE","export_marker_traits","","DOCUMENTATION","active",FALSE,"MEDIUM",""
"export_marker_traits","pRoteomics","docs/ANALYSIS_ENTRYPOINTS.md","75: - `analysis/qc/export_marker_traits.R` - stage `qc`, scope `dataset_specific`","ANALYSIS_REFERENCE","export_marker_traits.R","","DOCUMENTATION","active",FALSE,"MEDIUM",""
"export_marker_traits","pRoteomics","docs/CANONICAL_ANALYSIS_ENTRYPOINTS.md","93: | PCA panels | `figures/final_truth_v9_*` via `nf_pca_compact` | `archive/03_qc_exploration/legacy/06_pcaPlot_Neha.r`, `archive/deprecated/04_pcaPlot_v2.r`, `ar","NAMESPACE_BASENAME","03_qc_exploration","","DOCUMENTATION","active",FALSE,"MEDIUM",""
"export_marker_traits","pRoteomics","docs/current_data_flow.md","155: - `03_qc_exploration/*.r`","NAMESPACE_BASENAME","03_qc_exploration","","DOCUMENTATION","active",FALSE,"MEDIUM",""
"export_marker_traits","pRoteomics","docs/hardcoded_path_inventory.md","22: - `03_qc_exploration/06_pcaPlot_Neha.r`: `S:/...` Neha collaboration GCT input and PCA output folder.","NAMESPACE_BASENAME","03_qc_exploration","","DOCUMENTATION","active",FALSE,"MEDIUM",""
"export_marker_traits","pRoteomics","docs/hardcoded_path_inventory.md","24: - `03_qc_exploration/08_boxplotBonanza.r`: `S:/...` and `C:/...` local input/output paths.","NAMESPACE_BASENAME","03_qc_exploration","","DOCUMENTATION","active",FALSE,"MEDIUM",""
"export_marker_traits","pRoteomics","docs/hardcoded_path_inventory.md","56: - Requires data-aware review before edits: `archive/01_preprocessing/01_impute.r`, `archive/01_preprocessing/02_excel_convert.r`, `analysis/preprocessing/build_","NAMESPACE_BASENAME","03_qc_exploration","","DOCUMENTATION","active",FALSE,"MEDIUM",""
"export_marker_traits","pRoteomics","docs/NAMING_MIGRATION.md","7: | `03_qc_exploration/06_wgcna_marker_trait_export.r` | `analysis/02_qc/07_wgcna_marker_trait_export.r` | renamed; no wrapper | Makes the active QC prefixes uniq","NAMESPACE_BASENAME","03_qc_exploration","","DOCUMENTATION","historical",FALSE,"MEDIUM",""
"export_marker_traits","pRoteomics","docs/NAMING_MIGRATION.md","8: | `03_qc_exploration/07_qc_biology_confounding_report.r` | `analysis/02_qc/08_qc_biology_confounding_report.r` | renamed; no wrapper | Keeps the report after ma","NAMESPACE_BASENAME","03_qc_exploration","","DOCUMENTATION","historical",FALSE,"MEDIUM",""
"export_marker_traits","pRoteomics","docs/OUTPUT_CONTRACTS.md","175: | WGCNA marker traits | annotation-trait contract | `results/tables/03_qc_exploration/06_wgcna_marker_trait_export/<dataset>/wgcna_marker_traits_by_sample.csv`;","FULL_PATH","results/tables/03_qc_exploration/06_wgcna_marker_trait_export/<dataset>","","DOCUMENTATION","active",FALSE,"HIGH",""
"export_marker_traits","pRoteomics","docs/OUTPUT_CONTRACTS.md","170: | Reference marker evidence registry | marker registry contract | `results/tables/03_qc_exploration/reference_marker_import/reference_marker_evidence_long.csv`;","NAMESPACE_BASENAME","03_qc_exploration","","DOCUMENTATION","active",FALSE,"MEDIUM",""
"export_marker_traits","pRoteomics","docs/OUTPUT_CONTRACTS.md","171: | Control compartment marker abundance/detection | `control_compartment_abundance_v2`; observed non-imputed, CON-only, animal-level descriptive contract | `resu","NAMESPACE_BASENAME","03_qc_exploration","","DOCUMENTATION","active",FALSE,"MEDIUM",""
"export_marker_traits","pRoteomics","docs/OUTPUT_CONTRACTS.md","174: | Empirical ROI marker discovery | empirical marker contract | `results/tables/03_qc_exploration/05_empirical_roi_marker_discovery/empirical_roi_marker_sets.csv","NAMESPACE_BASENAME","03_qc_exploration","","DOCUMENTATION","active",FALSE,"MEDIUM",""
"export_marker_traits","pRoteomics","docs/OUTPUT_CONTRACTS.md","175: | WGCNA marker traits | annotation-trait contract | `results/tables/03_qc_exploration/06_wgcna_marker_trait_export/<dataset>/wgcna_marker_traits_by_sample.csv`;","NAMESPACE_BASENAME","03_qc_exploration","","DOCUMENTATION","active",FALSE,"MEDIUM",""
"export_marker_traits","pRoteomics","docs/OUTPUT_CONTRACTS.md","175: | WGCNA marker traits | annotation-trait contract | `results/tables/03_qc_exploration/06_wgcna_marker_trait_export/<dataset>/wgcna_marker_traits_by_sample.csv`;","NAMESPACE_BASENAME","06_wgcna_marker_trait_export","","DOCUMENTATION","active",FALSE,"MEDIUM",""
"export_marker_traits","pRoteomics","docs/OUTPUT_LAYOUT.md","60: results/tables/03_qc_exploration/02_missingness_diagnostics/<dataset>/missingness_diagnostics.xlsx","NAMESPACE_BASENAME","03_qc_exploration","","DOCUMENTATION","active",FALSE,"MEDIUM",""
"export_marker_traits","pRoteomics","docs/refactor_backlog.md","38: results/tables/03_qc_exploration/02_missingness_diagnostics/<dataset>/","NAMESPACE_BASENAME","03_qc_exploration","","DOCUMENTATION","active",FALSE,"MEDIUM",""
"export_marker_traits","pRoteomics","docs/refactor_backlog.md","39: results/tables/03_qc_exploration/03_replicate_consistency/<dataset>/","NAMESPACE_BASENAME","03_qc_exploration","","DOCUMENTATION","active",FALSE,"MEDIUM",""
"export_marker_traits","pRoteomics","docs/refactor_backlog.md","40: results/tables/03_qc_exploration/07_qc_biology_confounding_report/<dataset>/","NAMESPACE_BASENAME","03_qc_exploration","","DOCUMENTATION","active",FALSE,"MEDIUM",""
"export_marker_traits","pRoteomics","docs/refactor_backlog.md","41: results/tables/03_qc_exploration/05_pca_confounding_qc/<dataset>/PCA_confounding_summary.csv","NAMESPACE_BASENAME","03_qc_exploration","","DOCUMENTATION","active",FALSE,"MEDIUM",""
"export_marker_traits","pRoteomics","docs/refactor_backlog.md","171: - `archive/03_qc_exploration/legacy/06_pcaPlot_Neha.r` and","NAMESPACE_BASENAME","03_qc_exploration","","DOCUMENTATION","active",FALSE,"MEDIUM",""
"export_marker_traits","pRoteomics","docs/refactor_backlog.md","172: `archive/03_qc_exploration/legacy/08_boxplotBonanza.r` should be marked legacy, not","NAMESPACE_BASENAME","03_qc_exploration","","DOCUMENTATION","active",FALSE,"MEDIUM",""
"export_marker_traits","pRoteomics","docs/RESULTS_OWNERSHIP.md","15: `results/tables/03_qc_exploration/02_missingness_diagnostics/`: the namespace","NAMESPACE_BASENAME","03_qc_exploration","","DOCUMENTATION","active",FALSE,"MEDIUM",""
"export_marker_traits","pRoteomics","docs/RESULTS_OWNERSHIP.md","80: | `results/qc/export_marker_traits/<dataset>` | `export_marker_traits.R` | 1 | 0 |","ANALYSIS_REFERENCE","export_marker_traits","","DOCUMENTATION","active",FALSE,"MEDIUM",""
"export_marker_traits","pRoteomics","docs/RESULTS_OWNERSHIP.md","80: | `results/qc/export_marker_traits/<dataset>` | `export_marker_traits.R` | 1 | 0 |","ANALYSIS_REFERENCE","export_marker_traits.R","","DOCUMENTATION","active",FALSE,"MEDIUM",""
"export_marker_traits","pRoteomics","docs/WGCNA_WORKFLOW.md","44: - `results/tables/03_qc_exploration/05_empirical_roi_marker_discovery/empirical_roi_marker_sets.csv`","NAMESPACE_BASENAME","03_qc_exploration","","DOCUMENTATION","active",FALSE,"MEDIUM",""
"export_marker_traits","pRoteomics","R/qc/qc_result_paths.R","16: #   results/<kind>/03_qc_exploration/<substep>/<dataset>/","DOCUMENTATION_ONLY","03_qc_exploration","","DOCUMENTATION","active",FALSE,"N/A",""
"export_marker_traits","pRoteomics","config/marker_panels/wgcna_reference_marker_sets.csv","564: canonical_astrocyte,,,astrocyte,canonical,Aqp4,curated_fallback,proteomics_curated_fallback,03_qc_exploration/build_reference_marker_registry.R curated conserva","NAMESPACE_BASENAME","03_qc_exploration","","GENERATED_RECORD","active",FALSE,"MEDIUM",""
"export_marker_traits","pRoteomics","config/marker_panels/wgcna_reference_marker_sets.csv","565: canonical_astrocyte,,,astrocyte,canonical,Gfap,curated_fallback,proteomics_curated_fallback,03_qc_exploration/build_reference_marker_registry.R curated conserva","NAMESPACE_BASENAME","03_qc_exploration","","GENERATED_RECORD","active",FALSE,"MEDIUM",""
"export_marker_traits","pRoteomics","config/marker_panels/wgcna_reference_marker_sets.csv","566: canonical_astrocyte,,,astrocyte,canonical,Aldh1l1,curated_fallback,proteomics_curated_fallback,03_qc_exploration/build_reference_marker_registry.R curated conse","NAMESPACE_BASENAME","03_qc_exploration","","GENERATED_RECORD","active",FALSE,"MEDIUM",""
"export_marker_traits","pRoteomics","config/marker_panels/wgcna_reference_marker_sets.csv","567: canonical_astrocyte,,,astrocyte,canonical,Slc1a2,curated_fallback,proteomics_curated_fallback,03_qc_exploration/build_reference_marker_registry.R curated conser","NAMESPACE_BASENAME","03_qc_exploration","","GENERATED_RECORD","active",FALSE,"MEDIUM",""
"export_marker_traits","pRoteomics","config/marker_panels/wgcna_reference_marker_sets.csv","568: canonical_astrocyte,,,astrocyte,canonical,Slc1a3,curated_fallback,proteomics_curated_fallback,03_qc_exploration/build_reference_marker_registry.R curated conser","NAMESPACE_BASENAME","03_qc_exploration","","GENERATED_RECORD","active",FALSE,"MEDIUM",""
"export_marker_traits","pRoteomics","config/marker_panels/wgcna_reference_marker_sets.csv","569: canonical_astrocyte,,,astrocyte,canonical,Glul,curated_fallback,proteomics_curated_fallback,03_qc_exploration/build_reference_marker_registry.R curated conserva","NAMESPACE_BASENAME","03_qc_exploration","","GENERATED_RECORD","active",FALSE,"MEDIUM",""
"export_marker_traits","pRoteomics","config/marker_panels/wgcna_reference_marker_sets.csv","570: canonical_astrocyte,,,astrocyte,canonical,Aldoc,curated_fallback,proteomics_curated_fallback,03_qc_exploration/build_reference_marker_registry.R curated conserv","NAMESPACE_BASENAME","03_qc_exploration","","GENERATED_RECORD","active",FALSE,"MEDIUM",""
"export_marker_traits","pRoteomics","config/marker_panels/wgcna_reference_marker_sets.csv","571: canonical_astrocyte,,,astrocyte,canonical,Gja1,curated_fallback,proteomics_curated_fallback,03_qc_exploration/build_reference_marker_registry.R curated conserva","NAMESPACE_BASENAME","03_qc_exploration","","GENERATED_RECORD","active",FALSE,"MEDIUM",""
"export_marker_traits","pRoteomics","config/marker_panels/wgcna_reference_marker_sets.csv","572: canonical_astrocyte,,,astrocyte,canonical,S100b,curated_fallback,proteomics_curated_fallback,03_qc_exploration/build_reference_marker_registry.R curated conserv","NAMESPACE_BASENAME","03_qc_exploration","","GENERATED_RECORD","active",FALSE,"MEDIUM",""
"export_marker_traits","pRoteomics","config/marker_panels/wgcna_reference_marker_sets.csv","573: canonical_oligodendrocyte_myelin,,,oligodendrocyte,myelin,Mbp,curated_fallback,proteomics_curated_fallback,03_qc_exploration/build_reference_marker_registry.R c","NAMESPACE_BASENAME","03_qc_exploration","","GENERATED_RECORD","active",FALSE,"MEDIUM",""
"export_marker_traits","pRoteomics","config/marker_panels/wgcna_reference_marker_sets.csv","574: canonical_oligodendrocyte_myelin,,,oligodendrocyte,myelin,Plp1,curated_fallback,proteomics_curated_fallback,03_qc_exploration/build_reference_marker_registry.R","NAMESPACE_BASENAME","03_qc_exploration","","GENERATED_RECORD","active",FALSE,"MEDIUM",""
"export_marker_traits","pRoteomics","config/marker_panels/wgcna_reference_marker_sets.csv","575: canonical_oligodendrocyte_myelin,,,oligodendrocyte,myelin,Mog,curated_fallback,proteomics_curated_fallback,03_qc_exploration/build_reference_marker_registry.R c","NAMESPACE_BASENAME","03_qc_exploration","","GENERATED_RECORD","active",FALSE,"MEDIUM",""
"export_marker_traits","pRoteomics","config/marker_panels/wgcna_reference_marker_sets.csv","576: canonical_oligodendrocyte_myelin,,,oligodendrocyte,myelin,Cnp,curated_fallback,proteomics_curated_fallback,03_qc_exploration/build_reference_marker_registry.R c","NAMESPACE_BASENAME","03_qc_exploration","","GENERATED_RECORD","active",FALSE,"MEDIUM",""
"export_marker_traits","pRoteomics","config/marker_panels/wgcna_reference_marker_sets.csv","577: canonical_oligodendrocyte_myelin,,,oligodendrocyte,myelin,Mag,curated_fallback,proteomics_curated_fallback,03_qc_exploration/build_reference_marker_registry.R c","NAMESPACE_BASENAME","03_qc_exploration","","GENERATED_RECORD","active",FALSE,"MEDIUM",""
"export_marker_traits","pRoteomics","config/marker_panels/wgcna_reference_marker_sets.csv","578: canonical_oligodendrocyte_myelin,,,oligodendrocyte,myelin,Mobp,curated_fallback,proteomics_curated_fallback,03_qc_exploration/build_reference_marker_registry.R","NAMESPACE_BASENAME","03_qc_exploration","","GENERATED_RECORD","active",FALSE,"MEDIUM",""
"export_marker_traits","pRoteomics","config/marker_panels/wgcna_reference_marker_sets.csv","579: canonical_oligodendrocyte_myelin,,,oligodendrocyte,myelin,Cldn11,curated_fallback,proteomics_curated_fallback,03_qc_exploration/build_reference_marker_registry.","NAMESPACE_BASENAME","03_qc_exploration","","GENERATED_RECORD","active",FALSE,"MEDIUM",""
"export_marker_traits","pRoteomics","config/marker_panels/wgcna_reference_marker_sets.csv","580: canonical_oligodendrocyte_myelin,,,oligodendrocyte,myelin,Myrf,curated_fallback,proteomics_curated_fallback,03_qc_exploration/build_reference_marker_registry.R","NAMESPACE_BASENAME","03_qc_exploration","","GENERATED_RECORD","active",FALSE,"MEDIUM",""
"export_marker_traits","pRoteomics","config/marker_panels/wgcna_reference_marker_sets.csv","581: canonical_oligodendrocyte_myelin,,,oligodendrocyte,myelin,Olig1,curated_fallback,proteomics_curated_fallback,03_qc_exploration/build_reference_marker_registry.R","NAMESPACE_BASENAME","03_qc_exploration","","GENERATED_RECORD","active",FALSE,"MEDIUM",""
"export_marker_traits","pRoteomics","config/marker_panels/wgcna_reference_marker_sets.csv","582: canonical_oligodendrocyte_myelin,,,oligodendrocyte,myelin,Olig2,curated_fallback,proteomics_curated_fallback,03_qc_exploration/build_reference_marker_registry.R","NAMESPACE_BASENAME","03_qc_exploration","","GENERATED_RECORD","active",FALSE,"MEDIUM",""
"export_marker_traits","pRoteomics","config/marker_panels/wgcna_reference_marker_sets.csv","583: canonical_opc,,,opc,canonical,Pdgfra,curated_fallback,proteomics_curated_fallback,03_qc_exploration/build_reference_marker_registry.R curated conservative fallb","NAMESPACE_BASENAME","03_qc_exploration","","GENERATED_RECORD","active",FALSE,"MEDIUM",""
"export_marker_traits","pRoteomics","config/marker_panels/wgcna_reference_marker_sets.csv","584: canonical_opc,,,opc,canonical,Cspg4,curated_fallback,proteomics_curated_fallback,03_qc_exploration/build_reference_marker_registry.R curated conservative fallba","NAMESPACE_BASENAME","03_qc_exploration","","GENERATED_RECORD","active",FALSE,"MEDIUM",""
"export_marker_traits","pRoteomics","config/marker_panels/wgcna_reference_marker_sets.csv","585: canonical_opc,,,opc,canonical,Vcan,curated_fallback,proteomics_curated_fallback,03_qc_exploration/build_reference_marker_registry.R curated conservative fallbac","NAMESPACE_BASENAME","03_qc_exploration","","GENERATED_RECORD","active",FALSE,"MEDIUM",""
"export_marker_traits","pRoteomics","config/marker_panels/wgcna_reference_marker_sets.csv","586: canonical_opc,,,opc,canonical,Sox10,curated_fallback,proteomics_curated_fallback,03_qc_exploration/build_reference_marker_registry.R curated conservative fallba","NAMESPACE_BASENAME","03_qc_exploration","","GENERATED_RECORD","active",FALSE,"MEDIUM",""
"export_marker_traits","pRoteomics","config/marker_panels/wgcna_reference_marker_sets.csv","587: canonical_opc,,,opc,canonical,Olig1,curated_fallback,proteomics_curated_fallback,03_qc_exploration/build_reference_marker_registry.R curated conservative fallba","NAMESPACE_BASENAME","03_qc_exploration","","GENERATED_RECORD","active",FALSE,"MEDIUM",""
"export_marker_traits","pRoteomics","config/marker_panels/wgcna_reference_marker_sets.csv","588: canonical_opc,,,opc,canonical,Olig2,curated_fallback,proteomics_curated_fallback,03_qc_exploration/build_reference_marker_registry.R curated conservative fallba","NAMESPACE_BASENAME","03_qc_exploration","","GENERATED_RECORD","active",FALSE,"MEDIUM",""
"export_marker_traits","pRoteomics","config/marker_panels/wgcna_reference_marker_sets.csv","589: canonical_endothelial_vascular,,,endothelial,vascular,Cldn5,curated_fallback,proteomics_curated_fallback,03_qc_exploration/build_reference_marker_registry.R cur","NAMESPACE_BASENAME","03_qc_exploration","","GENERATED_RECORD","active",FALSE,"MEDIUM",""
"export_marker_traits","pRoteomics","config/marker_panels/wgcna_reference_marker_sets.csv","590: canonical_endothelial_vascular,,,endothelial,vascular,Pecam1,curated_fallback,proteomics_curated_fallback,03_qc_exploration/build_reference_marker_registry.R cu","NAMESPACE_BASENAME","03_qc_exploration","","GENERATED_RECORD","active",FALSE,"MEDIUM",""
"export_marker_traits","pRoteomics","config/marker_panels/wgcna_reference_marker_sets.csv","591: canonical_endothelial_vascular,,,endothelial,vascular,Kdr,curated_fallback,proteomics_curated_fallback,03_qc_exploration/build_reference_marker_registry.R curat","NAMESPACE_BASENAME","03_qc_exploration","","GENERATED_RECORD","active",FALSE,"MEDIUM",""
"export_marker_traits","pRoteomics","config/marker_panels/wgcna_reference_marker_sets.csv","592: canonical_endothelial_vascular,,,endothelial,vascular,Flt1,curated_fallback,proteomics_curated_fallback,03_qc_exploration/build_reference_marker_registry.R cura","NAMESPACE_BASENAME","03_qc_exploration","","GENERATED_RECORD","active",FALSE,"MEDIUM",""
"export_marker_traits","pRoteomics","config/marker_panels/wgcna_reference_marker_sets.csv","593: canonical_endothelial_vascular,,,endothelial,vascular,Slco1a4,curated_fallback,proteomics_curated_fallback,03_qc_exploration/build_reference_marker_registry.R c","NAMESPACE_BASENAME","03_qc_exploration","","GENERATED_RECORD","active",FALSE,"MEDIUM",""
"export_marker_traits","pRoteomics","config/marker_panels/wgcna_reference_marker_sets.csv","594: canonical_pericyte_vascular,,,pericyte,vascular,Rgs5,curated_fallback,proteomics_curated_fallback,03_qc_exploration/build_reference_marker_registry.R curated co","NAMESPACE_BASENAME","03_qc_exploration","","GENERATED_RECORD","active",FALSE,"MEDIUM",""
"export_marker_traits","pRoteomics","config/marker_panels/wgcna_reference_marker_sets.csv","595: canonical_pericyte_vascular,,,pericyte,vascular,Pdgfrb,curated_fallback,proteomics_curated_fallback,03_qc_exploration/build_reference_marker_registry.R curated","NAMESPACE_BASENAME","03_qc_exploration","","GENERATED_RECORD","active",FALSE,"MEDIUM",""
"export_marker_traits","pRoteomics","config/marker_panels/wgcna_reference_marker_sets.csv","596: canonical_pericyte_vascular,,,pericyte,vascular,Vtn,curated_fallback,proteomics_curated_fallback,03_qc_exploration/build_reference_marker_registry.R curated con","NAMESPACE_BASENAME","03_qc_exploration","","GENERATED_RECORD","active",FALSE,"MEDIUM",""
"export_marker_traits","pRoteomics","config/marker_panels/wgcna_reference_marker_sets.csv","597: canonical_pericyte_vascular,,,pericyte,vascular,Acta2,curated_fallback,proteomics_curated_fallback,03_qc_exploration/build_reference_marker_registry.R curated c","NAMESPACE_BASENAME","03_qc_exploration","","GENERATED_RECORD","active",FALSE,"MEDIUM",""
"export_marker_traits","pRoteomics","config/marker_panels/wgcna_reference_marker_sets.csv","598: canonical_peripheral_myeloid_caution,,,peripheral_myeloid,caution,Lyz2,curated_fallback,proteomics_curated_fallback,03_qc_exploration/build_reference_marker_reg","NAMESPACE_BASENAME","03_qc_exploration","","GENERATED_RECORD","active",FALSE,"MEDIUM",""
"export_marker_traits","pRoteomics","config/marker_panels/wgcna_reference_marker_sets.csv","599: canonical_peripheral_myeloid_caution,,,peripheral_myeloid,caution,Cd74,curated_fallback,proteomics_curated_fallback,03_qc_exploration/build_reference_marker_reg","NAMESPACE_BASENAME","03_qc_exploration","","GENERATED_RECORD","active",FALSE,"MEDIUM",""
"export_marker_traits","pRoteomics","config/marker_panels/wgcna_reference_marker_sets.csv","600: canonical_peripheral_myeloid_caution,,,peripheral_myeloid,caution,H2-Ab1,curated_fallback,proteomics_curated_fallback,03_qc_exploration/build_reference_marker_r","NAMESPACE_BASENAME","03_qc_exploration","","GENERATED_RECORD","active",FALSE,"MEDIUM",""
"export_marker_traits","pRoteomics","config/marker_panels/wgcna_reference_marker_sets.csv","601: canonical_peripheral_myeloid_caution,,,peripheral_myeloid,caution,Fcgr1,curated_fallback,proteomics_curated_fallback,03_qc_exploration/build_reference_marker_re","NAMESPACE_BASENAME","03_qc_exploration","","GENERATED_RECORD","active",FALSE,"MEDIUM",""
"export_marker_traits","pRoteomics","config/marker_panels/wgcna_reference_marker_sets.csv","602: canonical_peripheral_myeloid_caution,,,peripheral_myeloid,caution,Ccr2,curated_fallback,proteomics_curated_fallback,03_qc_exploration/build_reference_marker_reg","NAMESPACE_BASENAME","03_qc_exploration","","GENERATED_RECORD","active",FALSE,"MEDIUM",""
"export_marker_traits","pRoteomics","config/marker_panels/wgcna_reference_marker_sets.csv","603: canonical_peripheral_myeloid_caution,,,peripheral_myeloid,caution,Ly6c2,curated_fallback,proteomics_curated_fallback,03_qc_exploration/build_reference_marker_re","NAMESPACE_BASENAME","03_qc_exploration","","GENERATED_RECORD","active",FALSE,"MEDIUM",""
"export_marker_traits","pRoteomics","config/marker_panels/wgcna_reference_marker_sets.csv","604: canonical_peripheral_myeloid_caution,,,peripheral_myeloid,caution,Itgam,curated_fallback,proteomics_curated_fallback,03_qc_exploration/build_reference_marker_re","NAMESPACE_BASENAME","03_qc_exploration","","GENERATED_RECORD","active",FALSE,"MEDIUM",""
"export_marker_traits","pRoteomics","config/marker_panels/wgcna_reference_marker_sets.csv","605: canonical_mitochondrial_oxphos,,,mitochondrial,oxphos,Ndufs1,curated_fallback,proteomics_curated_fallback,03_qc_exploration/build_reference_marker_registry.R cu","NAMESPACE_BASENAME","03_qc_exploration","","GENERATED_RECORD","active",FALSE,"MEDIUM",""
"export_marker_traits","pRoteomics","config/marker_panels/wgcna_reference_marker_sets.csv","606: canonical_mitochondrial_oxphos,,,mitochondrial,oxphos,Ndufa9,curated_fallback,proteomics_curated_fallback,03_qc_exploration/build_reference_marker_registry.R cu","NAMESPACE_BASENAME","03_qc_exploration","","GENERATED_RECORD","active",FALSE,"MEDIUM",""
"export_marker_traits","pRoteomics","config/marker_panels/wgcna_reference_marker_sets.csv","607: canonical_mitochondrial_oxphos,,,mitochondrial,oxphos,Sdha,curated_fallback,proteomics_curated_fallback,03_qc_exploration/build_reference_marker_registry.R cura","NAMESPACE_BASENAME","03_qc_exploration","","GENERATED_RECORD","active",FALSE,"MEDIUM",""
"export_marker_traits","pRoteomics","config/marker_panels/wgcna_reference_marker_sets.csv","608: canonical_mitochondrial_oxphos,,,mitochondrial,oxphos,Uqcrc2,curated_fallback,proteomics_curated_fallback,03_qc_exploration/build_reference_marker_registry.R cu","NAMESPACE_BASENAME","03_qc_exploration","","GENERATED_RECORD","active",FALSE,"MEDIUM",""
"export_marker_traits","pRoteomics","config/marker_panels/wgcna_reference_marker_sets.csv","609: canonical_mitochondrial_oxphos,,,mitochondrial,oxphos,Cox4i1,curated_fallback,proteomics_curated_fallback,03_qc_exploration/build_reference_marker_registry.R cu","NAMESPACE_BASENAME","03_qc_exploration","","GENERATED_RECORD","active",FALSE,"MEDIUM",""
"export_marker_traits","pRoteomics","config/marker_panels/wgcna_reference_marker_sets.csv","610: canonical_mitochondrial_oxphos,,,mitochondrial,oxphos,Atp5f1a,curated_fallback,proteomics_curated_fallback,03_qc_exploration/build_reference_marker_registry.R c","NAMESPACE_BASENAME","03_qc_exploration","","GENERATED_RECORD","active",FALSE,"MEDIUM",""
"export_marker_traits","pRoteomics","config/marker_panels/wgcna_reference_marker_sets.csv","611: canonical_mitochondrial_oxphos,,,mitochondrial,oxphos,Atp5f1b,curated_fallback,proteomics_curated_fallback,03_qc_exploration/build_reference_marker_registry.R c","NAMESPACE_BASENAME","03_qc_exploration","","GENERATED_RECORD","active",FALSE,"MEDIUM",""
"export_marker_traits","pRoteomics","config/marker_panels/wgcna_reference_marker_sets.csv","612: canonical_ribosomal_translation,,,ribosomal,translation,Rpl3,curated_fallback,proteomics_curated_fallback,03_qc_exploration/build_reference_marker_registry.R cu","NAMESPACE_BASENAME","03_qc_exploration","","GENERATED_RECORD","active",FALSE,"MEDIUM",""
"export_marker_traits","pRoteomics","config/marker_panels/wgcna_reference_marker_sets.csv","613: canonical_ribosomal_translation,,,ribosomal,translation,Rpl4,curated_fallback,proteomics_curated_fallback,03_qc_exploration/build_reference_marker_registry.R cu","NAMESPACE_BASENAME","03_qc_exploration","","GENERATED_RECORD","active",FALSE,"MEDIUM",""
"export_marker_traits","pRoteomics","config/marker_panels/wgcna_reference_marker_sets.csv","614: canonical_ribosomal_translation,,,ribosomal,translation,Rpl5,curated_fallback,proteomics_curated_fallback,03_qc_exploration/build_reference_marker_registry.R cu","NAMESPACE_BASENAME","03_qc_exploration","","GENERATED_RECORD","active",FALSE,"MEDIUM",""
"export_marker_traits","pRoteomics","config/marker_panels/wgcna_reference_marker_sets.csv","615: canonical_ribosomal_translation,,,ribosomal,translation,Rps3,curated_fallback,proteomics_curated_fallback,03_qc_exploration/build_reference_marker_registry.R cu","NAMESPACE_BASENAME","03_qc_exploration","","GENERATED_RECORD","active",FALSE,"MEDIUM",""
"export_marker_traits","pRoteomics","config/marker_panels/wgcna_reference_marker_sets.csv","616: canonical_ribosomal_translation,,,ribosomal,translation,Rps6,curated_fallback,proteomics_curated_fallback,03_qc_exploration/build_reference_marker_registry.R cu","NAMESPACE_BASENAME","03_qc_exploration","","GENERATED_RECORD","active",FALSE,"MEDIUM",""
"export_marker_traits","pRoteomics","config/marker_panels/wgcna_reference_marker_sets.csv","617: canonical_ribosomal_translation,,,ribosomal,translation,Eef1a1,curated_fallback,proteomics_curated_fallback,03_qc_exploration/build_reference_marker_registry.R","NAMESPACE_BASENAME","03_qc_exploration","","GENERATED_RECORD","active",FALSE,"MEDIUM",""
"export_marker_traits","pRoteomics","config/marker_panels/wgcna_reference_marker_sets.csv","618: canonical_ribosomal_translation,,,ribosomal,translation,Eef2,curated_fallback,proteomics_curated_fallback,03_qc_exploration/build_reference_marker_registry.R cu","NAMESPACE_BASENAME","03_qc_exploration","","GENERATED_RECORD","active",FALSE,"MEDIUM",""
"export_marker_traits","pRoteomics","config/marker_panels/wgcna_reference_marker_sets.csv","619: canonical_rnp_rna_processing,,,rnp,rna_processing,Hnrnpa2b1,curated_fallback,proteomics_curated_fallback,03_qc_exploration/build_reference_marker_registry.R cur","NAMESPACE_BASENAME","03_qc_exploration","","GENERATED_RECORD","active",FALSE,"MEDIUM",""
"export_marker_traits","pRoteomics","config/marker_panels/wgcna_reference_marker_sets.csv","620: canonical_rnp_rna_processing,,,rnp,rna_processing,Hnrnpc,curated_fallback,proteomics_curated_fallback,03_qc_exploration/build_reference_marker_registry.R curate","NAMESPACE_BASENAME","03_qc_exploration","","GENERATED_RECORD","active",FALSE,"MEDIUM",""
"export_marker_traits","pRoteomics","config/marker_panels/wgcna_reference_marker_sets.csv","621: canonical_rnp_rna_processing,,,rnp,rna_processing,Sfpq,curated_fallback,proteomics_curated_fallback,03_qc_exploration/build_reference_marker_registry.R curated","NAMESPACE_BASENAME","03_qc_exploration","","GENERATED_RECORD","active",FALSE,"MEDIUM",""
"export_marker_traits","pRoteomics","config/marker_panels/wgcna_reference_marker_sets.csv","622: canonical_rnp_rna_processing,,,rnp,rna_processing,Snrnp70,curated_fallback,proteomics_curated_fallback,03_qc_exploration/build_reference_marker_registry.R curat","NAMESPACE_BASENAME","03_qc_exploration","","GENERATED_RECORD","active",FALSE,"MEDIUM",""
"export_marker_traits","pRoteomics","config/marker_panels/wgcna_reference_marker_sets.csv","623: canonical_rnp_rna_processing,,,rnp,rna_processing,Ddx5,curated_fallback,proteomics_curated_fallback,03_qc_exploration/build_reference_marker_registry.R curated","NAMESPACE_BASENAME","03_qc_exploration","","GENERATED_RECORD","active",FALSE,"MEDIUM",""
"export_marker_traits","pRoteomics","config/marker_panels/wgcna_reference_marker_sets.csv","624: canonical_rnp_rna_processing,,,rnp,rna_processing,Ddx17,curated_fallback,proteomics_curated_fallback,03_qc_exploration/build_reference_marker_registry.R curated","NAMESPACE_BASENAME","03_qc_exploration","","GENERATED_RECORD","active",FALSE,"MEDIUM",""
"export_marker_traits","pRoteomics","config/marker_panels/wgcna_reference_marker_sets.csv","625: canonical_rnp_rna_processing,,,rnp,rna_processing,Pabpc1,curated_fallback,proteomics_curated_fallback,03_qc_exploration/build_reference_marker_registry.R curate","NAMESPACE_BASENAME","03_qc_exploration","","GENERATED_RECORD","active",FALSE,"MEDIUM",""
"export_marker_traits","pRoteomics","config/results_ownership.csv","60: ""results/qc/export_marker_traits/<dataset>"",""results/qc/export_marker_traits"",""analysis/qc/export_marker_traits.R"","""",1,"""",0,"""",FALSE,""SINGLE_OWNER"",""sole produ","ANALYSIS_REFERENCE","export_marker_traits","","GENERATED_RECORD","active",FALSE,"MEDIUM",""
"export_marker_traits","pRoteomics","config/results_ownership.csv","60: ""results/qc/export_marker_traits/<dataset>"",""results/qc/export_marker_traits"",""analysis/qc/export_marker_traits.R"","""",1,"""",0,"""",FALSE,""SINGLE_OWNER"",""sole produ","ANALYSIS_REFERENCE","export_marker_traits.R","","GENERATED_RECORD","active",FALSE,"MEDIUM",""
"export_marker_traits","pRoteomics","docs/active_script_io_audit.tsv","19: analysis/qc/export_marker_traits.R	active_optional	required: data/processed/01_preprocessing/impute/*_pgmatrix_imputed_<dataset>_*_missing70pct.xlsx|data/extern","FULL_PATH","results/qc/export_marker_traits/<dataset>/tables","","GENERATED_RECORD","active",FALSE,"HIGH",""
"export_marker_traits","pRoteomics","docs/active_script_io_audit.tsv","8: analysis/qc/render_joint_compartment_qc_figures.R	active_optional	required: data/processed/01_preprocessing/joint_compartment_qc/global/joint_compartment_qc_mat","NAMESPACE_BASENAME","03_qc_exploration","","GENERATED_RECORD","active",FALSE,"MEDIUM",""
"export_marker_traits","pRoteomics","docs/active_script_io_audit.tsv","16: analysis/qc/summarize_marker_detectability.R	active_optional	required: data/processed/01_preprocessing/impute/*_pgmatrix_imputed_<dataset>_*_missing70pct.xlsx|d","NAMESPACE_BASENAME","03_qc_exploration","","GENERATED_RECORD","active",FALSE,"MEDIUM",""
"export_marker_traits","pRoteomics","docs/active_script_io_audit.tsv","19: analysis/qc/export_marker_traits.R	active_optional	required: data/processed/01_preprocessing/impute/*_pgmatrix_imputed_<dataset>_*_missing70pct.xlsx|data/extern","NAMESPACE_BASENAME","03_qc_exploration","","GENERATED_RECORD","active",FALSE,"MEDIUM",""
"export_marker_traits","pRoteomics","docs/active_script_io_audit.tsv","20: analysis/qc/summarize_qc_confounding.R	active_optional	required: results/qc/assess_pca_confounding/<dataset>/tables|results/tables/03_qc_exploration/05_pca_conf","NAMESPACE_BASENAME","03_qc_exploration","","GENERATED_RECORD","active",FALSE,"MEDIUM",""
"export_marker_traits","pRoteomics","docs/active_script_io_audit.tsv","26: analysis/differential_abundance/test_microglia_targeted_signatures.R	active_optional	required: results/differential_abundance/run_clusterprofiler_enrichment/mic","NAMESPACE_BASENAME","03_qc_exploration","","GENERATED_RECORD","active",FALSE,"MEDIUM",""
"export_marker_traits","pRoteomics","docs/active_script_io_audit.tsv","42: analysis/wgcna/annotate_module_microenvironment.R	active_optional	required: results/tables/06_modules_WGCNA/01_WGCNA/<dataset>/modules/|results/tables/06_module","NAMESPACE_BASENAME","03_qc_exploration","","GENERATED_RECORD","active",FALSE,"MEDIUM",""
"export_marker_traits","pRoteomics","docs/active_script_io_audit.tsv","47: analysis/wgcna/test_microglia_neuropil_independence.R	active_optional	required: config/microglia_neuropil_independence.yml|results/tables/06_modules_WGCNA/inter","NAMESPACE_BASENAME","03_qc_exploration","","GENERATED_RECORD","active",FALSE,"MEDIUM",""
"export_marker_traits","pRoteomics","docs/active_script_io_audit.tsv","49: analysis/wgcna/summarize_microglia_roi_specificity.R	active_optional	required: config/microglia_neuropil_independence.yml|results/tables/06_modules_WGCNA/01_WGC","NAMESPACE_BASENAME","03_qc_exploration","","GENERATED_RECORD","active",FALSE,"MEDIUM",""
"export_marker_traits","pRoteomics","docs/active_script_io_audit.tsv","51: analysis/wgcna/audit_module_robustness.R	active_optional	required: results/tables/06_modules_WGCNA/interpretable_summary/<dataset>/WGCNA_inferential_handoff.csv","NAMESPACE_BASENAME","03_qc_exploration","","GENERATED_RECORD","active",FALSE,"MEDIUM",""
"export_marker_traits","pRoteomics","docs/active_script_io_audit.tsv","66: analysis/spatial_validation/quantify_empirical_compartments.R	active_optional	required: results/tables/03_qc_exploration/05_empirical_roi_marker_discovery/empir","NAMESPACE_BASENAME","03_qc_exploration","","GENERATED_RECORD","active",FALSE,"MEDIUM",""
"export_marker_traits","pRoteomics","docs/active_script_io_audit.tsv","69: analysis/spatial_validation/decompose_bilateral_variance.R	active_optional	required: results/tables/06_modules_WGCNA/group_effects/<dataset>/WGCNA_group_effect_","NAMESPACE_BASENAME","03_qc_exploration","","GENERATED_RECORD","active",FALSE,"MEDIUM",""
"export_marker_traits","pRoteomics","docs/active_script_io_audit.tsv","72: analysis/spatial_validation/build_protein_spatial_atlas.R	active_optional	required: results/tables/10_biological_integration/wgcna_candidate_protein_shortlist/g","NAMESPACE_BASENAME","03_qc_exploration","","GENERATED_RECORD","active",FALSE,"MEDIUM",""
"export_marker_traits","pRoteomics","docs/active_script_io_audit.tsv","75: analysis/spatial_validation/quantify_neuropil_precision.R	active_optional	required: data/processed/02_id_mapping_animal_level/mapped/neuron_neuropil/forward/per","NAMESPACE_BASENAME","03_qc_exploration","","GENERATED_RECORD","active",FALSE,"MEDIUM",""
"export_marker_traits","pRoteomics","docs/active_script_io_audit.tsv","79: analysis/spatial_validation/audit_ca2_slm_robustness.R	active_optional	required: data/processed/02_id_mapping/mapped/neuron_neuropil/forward/per_file/CA2slmsus_","NAMESPACE_BASENAME","03_qc_exploration","","GENERATED_RECORD","active",FALSE,"MEDIUM",""
"export_marker_traits","pRoteomics","docs/active_script_io_audit.tsv","86: analysis/integration/build_cross_compartment_atlas.R	active_optional	required: results/tables/06_modules_WGCNA/claim_readiness/microglia/WGCNA_entity_claim_read","NAMESPACE_BASENAME","03_qc_exploration","","GENERATED_RECORD","active",FALSE,"MEDIUM",""
"export_marker_traits","pRoteomics","docs/active_script_io_audit.tsv","47: analysis/wgcna/test_microglia_neuropil_independence.R	active_optional	required: config/microglia_neuropil_independence.yml|results/tables/06_modules_WGCNA/inter","NAMESPACE_BASENAME","06_wgcna_marker_trait_export","","GENERATED_RECORD","active",FALSE,"MEDIUM",""
"export_marker_traits","pRoteomics","docs/active_script_io_audit.tsv","49: analysis/wgcna/summarize_microglia_roi_specificity.R	active_optional	required: config/microglia_neuropil_independence.yml|results/tables/06_modules_WGCNA/01_WGC","NAMESPACE_BASENAME","06_wgcna_marker_trait_export","","GENERATED_RECORD","active",FALSE,"MEDIUM",""
"export_marker_traits","pRoteomics","docs/active_script_io_audit.tsv","19: analysis/qc/export_marker_traits.R	active_optional	required: data/processed/01_preprocessing/impute/*_pgmatrix_imputed_<dataset>_*_missing70pct.xlsx|data/extern","ANALYSIS_REFERENCE","export_marker_traits","","GENERATED_RECORD","active",FALSE,"MEDIUM",""
"export_marker_traits","pRoteomics","docs/active_script_io_audit.tsv","19: analysis/qc/export_marker_traits.R	active_optional	required: data/processed/01_preprocessing/impute/*_pgmatrix_imputed_<dataset>_*_missing70pct.xlsx|data/extern","ANALYSIS_REFERENCE","export_marker_traits.R","","GENERATED_RECORD","active",FALSE,"MEDIUM",""
"export_marker_traits","pRoteomics","docs/file_contracts.tsv","38: wgcna_marker_traits_by_sample	results/tables/03_qc_exploration/06_wgcna_marker_trait_export/<dataset>/wgcna_marker_traits_by_sample.csv; results/source_data/03_","FULL_PATH","results/tables/03_qc_exploration/06_wgcna_marker_trait_export/<dataset>","","GENERATED_RECORD","active",FALSE,"HIGH",""
"export_marker_traits","pRoteomics","docs/file_contracts.tsv","38: wgcna_marker_traits_by_sample	results/tables/03_qc_exploration/06_wgcna_marker_trait_export/<dataset>/wgcna_marker_traits_by_sample.csv; results/source_data/03_","NAMESPACE_BASENAME","03_qc_exploration","","GENERATED_RECORD","active",FALSE,"MEDIUM",""
"export_marker_traits","pRoteomics","docs/file_contracts.tsv","39: canonical_marker_qc_feature_contract	results/tables/03_qc_exploration/{04_marker_rank_abundance_qc,04c_marker_detectability_and_wgcna_bridge,06_wgcna_marker_tra","NAMESPACE_BASENAME","03_qc_exploration","","GENERATED_RECORD","active",FALSE,"MEDIUM",""
"export_marker_traits","pRoteomics","docs/file_contracts.tsv","40: reference_marker_registry	config/marker_panels/wgcna_reference_marker_sets.csv; results/tables/03_qc_exploration/reference_marker_import/reference_marker_eviden","NAMESPACE_BASENAME","03_qc_exploration","","GENERATED_RECORD","active",FALSE,"MEDIUM",""
"export_marker_traits","pRoteomics","docs/file_contracts.tsv","41: empirical_roi_marker_sets	results/tables/03_qc_exploration/05_empirical_roi_marker_discovery/empirical_roi_marker_sets.csv; results/source_data/03_qc_exploratio","NAMESPACE_BASENAME","03_qc_exploration","","GENERATED_RECORD","active",FALSE,"MEDIUM",""
"export_marker_traits","pRoteomics","docs/file_contracts.tsv","38: wgcna_marker_traits_by_sample	results/tables/03_qc_exploration/06_wgcna_marker_trait_export/<dataset>/wgcna_marker_traits_by_sample.csv; results/source_data/03_","NAMESPACE_BASENAME","06_wgcna_marker_trait_export","","GENERATED_RECORD","active",FALSE,"MEDIUM",""
"export_marker_traits","pRoteomics","docs/file_contracts.tsv","38: wgcna_marker_traits_by_sample	results/tables/03_qc_exploration/06_wgcna_marker_trait_export/<dataset>/wgcna_marker_traits_by_sample.csv; results/source_data/03_","ANALYSIS_REFERENCE","export_marker_traits","","GENERATED_RECORD","active",FALSE,"MEDIUM",""
"export_marker_traits","pRoteomics","docs/file_contracts.tsv","40: reference_marker_registry	config/marker_panels/wgcna_reference_marker_sets.csv; results/tables/03_qc_exploration/reference_marker_import/reference_marker_eviden","ANALYSIS_REFERENCE","export_marker_traits","","GENERATED_RECORD","active",FALSE,"MEDIUM",""
"export_marker_traits","pRoteomics","docs/file_contracts.tsv","41: empirical_roi_marker_sets	results/tables/03_qc_exploration/05_empirical_roi_marker_discovery/empirical_roi_marker_sets.csv; results/source_data/03_qc_exploratio","ANALYSIS_REFERENCE","export_marker_traits","","GENERATED_RECORD","active",FALSE,"MEDIUM",""
"export_marker_traits","pRoteomics","docs/file_contracts.tsv","38: wgcna_marker_traits_by_sample	results/tables/03_qc_exploration/06_wgcna_marker_trait_export/<dataset>/wgcna_marker_traits_by_sample.csv; results/source_data/03_","ANALYSIS_REFERENCE","export_marker_traits.R","","GENERATED_RECORD","active",FALSE,"MEDIUM",""
"export_marker_traits","pRoteomics","docs/file_contracts.tsv","40: reference_marker_registry	config/marker_panels/wgcna_reference_marker_sets.csv; results/tables/03_qc_exploration/reference_marker_import/reference_marker_eviden","ANALYSIS_REFERENCE","export_marker_traits.R","","GENERATED_RECORD","active",FALSE,"MEDIUM",""
"export_marker_traits","pRoteomics","docs/file_contracts.tsv","41: empirical_roi_marker_sets	results/tables/03_qc_exploration/05_empirical_roi_marker_discovery/empirical_roi_marker_sets.csv; results/source_data/03_qc_exploratio","ANALYSIS_REFERENCE","export_marker_traits.R","","GENERATED_RECORD","active",FALSE,"MEDIUM",""
"export_marker_traits","pRoteomics","R/statistics/wgcna_downstream_utils.R","896: owner = ""export_marker_traits"",","ANALYSIS_REFERENCE","export_marker_traits","","INDIRECT_READER_VIA_HELPER","active",FALSE,"MEDIUM",""
"export_marker_traits","pRoteomics","audits/part29/camera_feasibility.R","367: qc_animal_matrix <- ""results/tables/03_qc_exploration/03_replicate_consistency/%s/animal_aggregated_matrix.csv""","NAMESPACE_BASENAME","03_qc_exploration","","PROVENANCE","historical",FALSE,"MEDIUM",""
"export_marker_traits","pRoteomics","audits/part29/camera_feasibility.R","427: ""results/tables/03_qc_exploration/03_replicate_consistency/<ds>/animal_aggregated_matrix.csv, which has only 9 animal columns "",","NAMESPACE_BASENAME","03_qc_exploration","","PROVENANCE","historical",FALSE,"MEDIUM",""
"export_marker_traits","pRoteomics","audits/phase6e_final_active_tree.csv","97: ""analysis/qc/export_marker_traits.R"",""export_marker_traits.R"",""qc"",""ANALYSIS_ENTRYPOINT"",""CANONICAL_ENTRYPOINT"",TRUE,1,FALSE,11,2,FALSE,TRUE,TRUE","ANALYSIS_REFERENCE","export_marker_traits","","PROVENANCE","historical",FALSE,"MEDIUM",""
"export_marker_traits","pRoteomics","audits/phase6e_final_active_tree.csv","97: ""analysis/qc/export_marker_traits.R"",""export_marker_traits.R"",""qc"",""ANALYSIS_ENTRYPOINT"",""CANONICAL_ENTRYPOINT"",TRUE,1,FALSE,11,2,FALSE,TRUE,TRUE","ANALYSIS_REFERENCE","export_marker_traits.R","","PROVENANCE","historical",FALSE,"MEDIUM",""
"export_marker_traits","pRoteomics","audits/phase6e_naming_migration.csv","15: ""analysis/02_qc/07_wgcna_marker_trait_export.r"",""analysis/02_qc/export_marker_traits.R"",""ANALYSIS_ENTRYPOINT"",""HISTORICAL_PREFIX_REMOVED_VERB_NAME"",""verb-based","ANALYSIS_REFERENCE","export_marker_traits","","PROVENANCE","historical",FALSE,"MEDIUM",""
"export_marker_traits","pRoteomics","audits/phase6e_naming_migration.csv","15: ""analysis/02_qc/07_wgcna_marker_trait_export.r"",""analysis/02_qc/export_marker_traits.R"",""ANALYSIS_ENTRYPOINT"",""HISTORICAL_PREFIX_REMOVED_VERB_NAME"",""verb-based","ANALYSIS_REFERENCE","export_marker_traits.R","","PROVENANCE","historical",FALSE,"MEDIUM",""
"export_marker_traits","pRoteomics","audits/phase6f_output_inventory.csv","14: ""analysis/02_qc/export_marker_traits.R"",""results/tables/03_qc_exploration/06_wgcna_marker_trait_export/<dataset>/"",""tables"",""CANONICAL_RESULT"",""test_microglia_n","FULL_PATH","results/qc/export_marker_traits/<dataset>/tables","","PROVENANCE","historical",FALSE,"HIGH",""
"export_marker_traits","pRoteomics","audits/phase6f_output_inventory.csv","14: ""analysis/02_qc/export_marker_traits.R"",""results/tables/03_qc_exploration/06_wgcna_marker_trait_export/<dataset>/"",""tables"",""CANONICAL_RESULT"",""test_microglia_n","FULL_PATH","results/tables/03_qc_exploration/06_wgcna_marker_trait_export/<dataset>","","PROVENANCE","historical",FALSE,"HIGH",""
"export_marker_traits","pRoteomics","audits/phase6f_output_inventory.csv","5: ""analysis/02_qc/assess_dataset_quality.R"",""results/tables/03_qc_exploration/00_dataset_qc_report/<dataset>/dataset_qc_report.xlsx"",""tables"",""CANONICAL_RESULT"",""","NAMESPACE_BASENAME","03_qc_exploration","","PROVENANCE","historical",FALSE,"MEDIUM",""
"export_marker_traits","pRoteomics","audits/phase6f_output_inventory.csv","6: ""analysis/02_qc/assess_sample_quality.R"",""results/tables/03_qc_exploration/01_sample_qc_quicksearch/<dataset>/qc_summary_tables.xlsx"",""tables"",""CANONICAL_RESULT","NAMESPACE_BASENAME","03_qc_exploration","","PROVENANCE","historical",FALSE,"MEDIUM",""
"export_marker_traits","pRoteomics","audits/phase6f_output_inventory.csv","7: ""analysis/02_qc/summarize_missingness.R"",""results/tables/03_qc_exploration/02_missingness_diagnostics/<dataset>/missingness_diagnostics.xlsx"",""tables"",""CANONICA","NAMESPACE_BASENAME","03_qc_exploration","","PROVENANCE","historical",FALSE,"MEDIUM",""
"export_marker_traits","pRoteomics","audits/phase6f_output_inventory.csv","8: ""analysis/02_qc/assess_replicate_consistency.R"",""results/tables/03_qc_exploration/03_replicate_consistency/<dataset>/replicate_consistency.xlsx"",""tables"",""CANON","NAMESPACE_BASENAME","03_qc_exploration","","PROVENANCE","historical",FALSE,"MEDIUM",""
"export_marker_traits","pRoteomics","audits/phase6f_output_inventory.csv","9: ""analysis/02_qc/assess_marker_rank_abundance.R"",""results/tables/03_qc_exploration/04_marker_rank_abundance_qc/<dataset>/"",""tables"",""CANONICAL_RESULT"",""summarize","NAMESPACE_BASENAME","03_qc_exploration","","PROVENANCE","historical",FALSE,"MEDIUM",""
"export_marker_traits","pRoteomics","audits/phase6f_output_inventory.csv","10: ""analysis/02_qc/summarize_marker_detectability.R"",""results/tables/03_qc_exploration/04c_marker_detectability_and_wgcna_bridge/<dataset>/"",""tables"",""CANONICAL_RE","NAMESPACE_BASENAME","03_qc_exploration","","PROVENANCE","historical",FALSE,"MEDIUM",""
"export_marker_traits","pRoteomics","audits/phase6f_output_inventory.csv","11: ""analysis/02_qc/discover_empirical_roi_markers.R"",""results/tables/03_qc_exploration/05_empirical_roi_marker_discovery/empirical_roi_marker_sets.csv"",""tables"",""C","NAMESPACE_BASENAME","03_qc_exploration","","PROVENANCE","historical",FALSE,"MEDIUM",""
"export_marker_traits","pRoteomics","audits/phase6f_output_inventory.csv","12: ""analysis/02_qc/assess_pca_confounding.R"",""results/tables/03_qc_exploration/05_pca_confounding_qc/<dataset>/"",""tables"",""CANONICAL_RESULT"",""summarize_qc_confound","NAMESPACE_BASENAME","03_qc_exploration","","PROVENANCE","historical",FALSE,"MEDIUM",""
"export_marker_traits","pRoteomics","audits/phase6f_output_inventory.csv","13: ""analysis/02_qc/partition_variance.R"",""results/tables/03_qc_exploration/06_variance_partitioning/<dataset>/"",""tables"",""CANONICAL_RESULT"",""summarize_qc_confoundi","NAMESPACE_BASENAME","03_qc_exploration","","PROVENANCE","historical",FALSE,"MEDIUM",""
"export_marker_traits","pRoteomics","audits/phase6f_output_inventory.csv","14: ""analysis/02_qc/export_marker_traits.R"",""results/tables/03_qc_exploration/06_wgcna_marker_trait_export/<dataset>/"",""tables"",""CANONICAL_RESULT"",""test_microglia_n","NAMESPACE_BASENAME","03_qc_exploration","","PROVENANCE","historical",FALSE,"MEDIUM",""
"export_marker_traits","pRoteomics","audits/phase6f_output_inventory.csv","15: ""analysis/02_qc/build_reference_marker_registry.R"",""results/tables/03_qc_exploration/reference_marker_import/"",""tables"",""CANONICAL_RESULT"",""quantify_neuropil_pr","NAMESPACE_BASENAME","03_qc_exploration","","PROVENANCE","historical",FALSE,"MEDIUM",""
"export_marker_traits","pRoteomics","audits/phase6f_output_inventory.csv","155: ""analysis/02_qc/assess_joint_compartment_quality.R"",""results/figures/03_qc_exploration/00b_joint_compartment_qc/global/"",""figures"",""DIAGNOSTIC"","""",0,FALSE,35288","NAMESPACE_BASENAME","03_qc_exploration","","PROVENANCE","historical",FALSE,"MEDIUM",""
"export_marker_traits","pRoteomics","audits/phase6f_output_inventory.csv","156: ""analysis/02_qc/render_joint_compartment_qc_figures.R"",""results/figures/03_qc_exploration/00b_joint_compartment_qc/publication_style/global/joint_compartment_qc","NAMESPACE_BASENAME","03_qc_exploration","","PROVENANCE","historical",FALSE,"MEDIUM",""
"export_marker_traits","pRoteomics","audits/phase6f_output_inventory.csv","157: ""analysis/02_qc/render_joint_compartment_qc_figures.R"",""results/figures/03_qc_exploration/00b_joint_compartment_qc/publication_style/global/joint_compartment_qc","NAMESPACE_BASENAME","03_qc_exploration","","PROVENANCE","historical",FALSE,"MEDIUM",""
"export_marker_traits","pRoteomics","audits/phase6f_output_inventory.csv","158: ""analysis/02_qc/render_joint_compartment_qc_figures.R"",""results/figures/03_qc_exploration/00b_joint_compartment_qc/publication_style/global/panels/"",""figures"",""","NAMESPACE_BASENAME","03_qc_exploration","","PROVENANCE","historical",FALSE,"MEDIUM",""
"export_marker_traits","pRoteomics","audits/phase6f_output_inventory.csv","159: ""analysis/02_qc/assess_sample_quality.R"",""results/figures/03_qc_exploration/01_sample_qc_quicksearch/<dataset>/"",""figures"",""DIAGNOSTIC"","""",0,FALSE,NA,FALSE,FALS","NAMESPACE_BASENAME","03_qc_exploration","","PROVENANCE","historical",FALSE,"MEDIUM",""
"export_marker_traits","pRoteomics","audits/phase6f_output_inventory.csv","160: ""analysis/02_qc/render_compartment_abundance_figures.R"",""results/figures/03_qc_exploration/04e_control_compartment_abundance_publication_figures/global/"",""figur","NAMESPACE_BASENAME","03_qc_exploration","","PROVENANCE","historical",FALSE,"MEDIUM",""
"export_marker_traits","pRoteomics","audits/phase6f_output_inventory.csv","229: ""analysis/02_qc/assess_dataset_quality.R"",""results/reports/03_qc_exploration/00_dataset_qc_report/<dataset>/dataset_qc_summary.md"",""reports"",""DIAGNOSTIC"","""",0,F","NAMESPACE_BASENAME","03_qc_exploration","","PROVENANCE","historical",FALSE,"MEDIUM",""
"export_marker_traits","pRoteomics","audits/phase6f_output_inventory.csv","230: ""analysis/02_qc/assess_joint_compartment_quality.R"",""results/reports/03_qc_exploration/00b_joint_compartment_qc/global/joint_compartment_qc_summary.md"",""reports","NAMESPACE_BASENAME","03_qc_exploration","","PROVENANCE","historical",FALSE,"MEDIUM",""
"export_marker_traits","pRoteomics","audits/phase6f_output_inventory.csv","231: ""analysis/02_qc/render_joint_compartment_qc_figures.R"",""results/reports/03_qc_exploration/00c_joint_compartment_qc_publication_figures/global/joint_compartment_","NAMESPACE_BASENAME","03_qc_exploration","","PROVENANCE","historical",FALSE,"MEDIUM",""
"export_marker_traits","pRoteomics","audits/phase6f_output_inventory.csv","232: ""analysis/02_qc/render_compartment_abundance_figures.R"",""results/reports/03_qc_exploration/04e_control_compartment_abundance_publication_figures/global/"",""repor","NAMESPACE_BASENAME","03_qc_exploration","","PROVENANCE","historical",FALSE,"MEDIUM",""
"export_marker_traits","pRoteomics","audits/phase6f_output_inventory.csv","233: ""analysis/02_qc/partition_variance.R"",""results/reports/03_qc_exploration/06_variance_partitioning/<dataset>/"",""reports"",""DIAGNOSTIC"","""",0,FALSE,NA,FALSE,FALSE,0","NAMESPACE_BASENAME","03_qc_exploration","","PROVENANCE","historical",FALSE,"MEDIUM",""
"export_marker_traits","pRoteomics","audits/phase6f_output_inventory.csv","234: ""analysis/02_qc/summarize_qc_confounding.R"",""results/reports/03_qc_exploration/07_qc_biology_confounding_report/<dataset>/"",""reports"",""DIAGNOSTIC"",""build_cross_","NAMESPACE_BASENAME","03_qc_exploration","","PROVENANCE","historical",FALSE,"MEDIUM",""
"export_marker_traits","pRoteomics","audits/phase6f_output_inventory.csv","291: ""analysis/02_qc/assess_joint_compartment_quality.R"",""results/logs/03_qc_exploration/00b_joint_compartment_qc/global/run_manifest.yml"",""logs"",""PROVENANCE_ONLY"",""","NAMESPACE_BASENAME","03_qc_exploration","","PROVENANCE","historical",FALSE,"MEDIUM",""
"export_marker_traits","pRoteomics","audits/phase6f_output_inventory.csv","292: ""analysis/02_qc/render_joint_compartment_qc_figures.R"",""results/logs/03_qc_exploration/00c_joint_compartment_qc_publication_figures/global/run_manifest.yml"",""lo","NAMESPACE_BASENAME","03_qc_exploration","","PROVENANCE","historical",FALSE,"MEDIUM",""
"export_marker_traits","pRoteomics","audits/phase6f_output_inventory.csv","334: ""analysis/02_qc/render_compartment_abundance_figures.R"",""results/source_data/03_qc_exploration/04e_control_compartment_abundance_publication_figures/global/"",""s","NAMESPACE_BASENAME","03_qc_exploration","","PROVENANCE","historical",FALSE,"MEDIUM",""
"export_marker_traits","pRoteomics","audits/phase6f_output_inventory.csv","387: ""analysis/02_qc/assess_joint_compartment_quality.R"",""results/tables/03_qc_exploration/00b_joint_compartment_qc/global/"",""tables"",""PUBLICATION_EXPORT"",""render_jo","NAMESPACE_BASENAME","03_qc_exploration","","PROVENANCE","historical",FALSE,"MEDIUM",""
"export_marker_traits","pRoteomics","audits/phase6f_output_inventory.csv","14: ""analysis/02_qc/export_marker_traits.R"",""results/tables/03_qc_exploration/06_wgcna_marker_trait_export/<dataset>/"",""tables"",""CANONICAL_RESULT"",""test_microglia_n","NAMESPACE_BASENAME","06_wgcna_marker_trait_export","","PROVENANCE","historical",FALSE,"MEDIUM",""
"export_marker_traits","pRoteomics","audits/phase6f_output_inventory.csv","2: ""analysis/02_qc/build_reference_marker_registry.R"",""config/marker_panels/wgcna_reference_marker_sets.csv"",""config_table"",""AMBIGUOUS_WRITES_INTO_CONFIG"",""assess_","ANALYSIS_REFERENCE","export_marker_traits","","PROVENANCE","historical",FALSE,"MEDIUM",""
"export_marker_traits","pRoteomics","audits/phase6f_output_inventory.csv","11: ""analysis/02_qc/discover_empirical_roi_markers.R"",""results/tables/03_qc_exploration/05_empirical_roi_marker_discovery/empirical_roi_marker_sets.csv"",""tables"",""C","ANALYSIS_REFERENCE","export_marker_traits","","PROVENANCE","historical",FALSE,"MEDIUM",""
"export_marker_traits","pRoteomics","audits/phase6f_output_inventory.csv","14: ""analysis/02_qc/export_marker_traits.R"",""results/tables/03_qc_exploration/06_wgcna_marker_trait_export/<dataset>/"",""tables"",""CANONICAL_RESULT"",""test_microglia_n","ANALYSIS_REFERENCE","export_marker_traits","","PROVENANCE","historical",FALSE,"MEDIUM",""
"export_marker_traits","pRoteomics","audits/phase6f_output_inventory.csv","2: ""analysis/02_qc/build_reference_marker_registry.R"",""config/marker_panels/wgcna_reference_marker_sets.csv"",""config_table"",""AMBIGUOUS_WRITES_INTO_CONFIG"",""assess_","ANALYSIS_REFERENCE","export_marker_traits.R","","PROVENANCE","historical",FALSE,"MEDIUM",""
"export_marker_traits","pRoteomics","audits/phase6f_output_inventory.csv","11: ""analysis/02_qc/discover_empirical_roi_markers.R"",""results/tables/03_qc_exploration/05_empirical_roi_marker_discovery/empirical_roi_marker_sets.csv"",""tables"",""C","ANALYSIS_REFERENCE","export_marker_traits.R","","PROVENANCE","historical",FALSE,"MEDIUM",""
"export_marker_traits","pRoteomics","audits/phase6f_output_inventory.csv","14: ""analysis/02_qc/export_marker_traits.R"",""results/tables/03_qc_exploration/06_wgcna_marker_trait_export/<dataset>/"",""tables"",""CANONICAL_RESULT"",""test_microglia_n","ANALYSIS_REFERENCE","export_marker_traits.R","","PROVENANCE","historical",FALSE,"MEDIUM",""
"export_marker_traits","pRoteomics","audits/phase6g_coordinating_families_qc_premigration.csv","2: ""results/figures/03_qc_exploration/00b_joint_compartment_qc"",""CANONICAL_OWNER"",""analysis/qc/render_joint_compartment_qc_figures.R"",""render_joint_compartment_qc_","NAMESPACE_BASENAME","03_qc_exploration","","PROVENANCE","historical",FALSE,"MEDIUM",""
"export_marker_traits","pRoteomics","audits/phase6g_coordinating_families_qc_premigration.csv","3: ""results/figures/03_qc_exploration/00b_joint_compartment_qc"",""CANONICAL_OWNER"",""analysis/qc/render_joint_compartment_qc_figures.R"",""render_joint_compartment_qc_","NAMESPACE_BASENAME","03_qc_exploration","","PROVENANCE","historical",FALSE,"MEDIUM",""
"export_marker_traits","pRoteomics","audits/phase6g_coordinating_families_qc_premigration.csv","4: ""results/figures/03_qc_exploration/00b_joint_compartment_qc"",""CANONICAL_OWNER"",""analysis/qc/render_joint_compartment_qc_figures.R"",""render_joint_compartment_qc_","NAMESPACE_BASENAME","03_qc_exploration","","PROVENANCE","historical",FALSE,"MEDIUM",""
"export_marker_traits","pRoteomics","audits/phase6g_coordinating_families_qc_premigration.csv","5: ""results/figures/03_qc_exploration/00b_joint_compartment_qc"",""CONTRIBUTOR"",""analysis/qc/assess_joint_compartment_quality.R"",""assess_joint_compartment_quality"",""","NAMESPACE_BASENAME","03_qc_exploration","","PROVENANCE","historical",FALSE,"MEDIUM",""
"export_marker_traits","pRoteomics","audits/phase6g_qc_consumer_reconciliation.csv","86: ""analysis/qc/export_marker_traits.R"",""RESOLVER_DELEGATED"",""Present in both inventories."",TRUE","ANALYSIS_REFERENCE","export_marker_traits","","PROVENANCE","historical",FALSE,"MEDIUM",""
"export_marker_traits","pRoteomics","audits/phase6g_qc_consumer_reconciliation.csv","86: ""analysis/qc/export_marker_traits.R"",""RESOLVER_DELEGATED"",""Present in both inventories."",TRUE","ANALYSIS_REFERENCE","export_marker_traits.R","","PROVENANCE","historical",FALSE,"MEDIUM",""
"export_marker_traits","pRoteomics","audits/phase6g_qc_lifecycle.csv","25: ""export_marker_traits"",""results/tables/03_qc_exploration/06_wgcna_marker_trait_export/<dataset>/"",""results/qc/export_marker_traits/<dataset>/tables"",""TABLE"",""an","FULL_PATH","results/qc/export_marker_traits/<dataset>/tables","","PROVENANCE","historical",FALSE,"HIGH",""
"export_marker_traits","pRoteomics","audits/phase6g_qc_lifecycle.csv","25: ""export_marker_traits"",""results/tables/03_qc_exploration/06_wgcna_marker_trait_export/<dataset>/"",""results/qc/export_marker_traits/<dataset>/tables"",""TABLE"",""an","FULL_PATH","results/tables/03_qc_exploration/06_wgcna_marker_trait_export/<dataset>","","PROVENANCE","historical",FALSE,"HIGH",""
"export_marker_traits","pRoteomics","audits/phase6g_qc_lifecycle.csv","2: ""assess_joint_compartment_quality"",""results/tables/03_qc_exploration/00b_joint_compartment_qc/global/"",""results/qc/assess_joint_compartment_quality/global/table","NAMESPACE_BASENAME","03_qc_exploration","","PROVENANCE","historical",FALSE,"MEDIUM",""
"export_marker_traits","pRoteomics","audits/phase6g_qc_lifecycle.csv","3: ""assess_joint_compartment_quality"",""results/figures/03_qc_exploration/00b_joint_compartment_qc/global/"",""results/qc/assess_joint_compartment_quality/global/plot","NAMESPACE_BASENAME","03_qc_exploration","","PROVENANCE","historical",FALSE,"MEDIUM",""
"export_marker_traits","pRoteomics","audits/phase6g_qc_lifecycle.csv","4: ""assess_joint_compartment_quality"",""results/reports/03_qc_exploration/00b_joint_compartment_qc/global/joint_compartment_qc_summary.md"",""results/qc/assess_joint_","NAMESPACE_BASENAME","03_qc_exploration","","PROVENANCE","historical",FALSE,"MEDIUM",""
"export_marker_traits","pRoteomics","audits/phase6g_qc_lifecycle.csv","5: ""assess_joint_compartment_quality"",""results/logs/03_qc_exploration/00b_joint_compartment_qc/global/run_manifest.yml"",""results/qc/assess_joint_compartment_qualit","NAMESPACE_BASENAME","03_qc_exploration","","PROVENANCE","historical",FALSE,"MEDIUM",""
"export_marker_traits","pRoteomics","audits/phase6g_qc_lifecycle.csv","6: ""render_joint_compartment_qc_figures"",""results/figures/03_qc_exploration/00b_joint_compartment_qc/publication_style/global/joint_compartment_qc_main_figure_183m","NAMESPACE_BASENAME","03_qc_exploration","","PROVENANCE","historical",FALSE,"MEDIUM",""
"export_marker_traits","pRoteomics","audits/phase6g_qc_lifecycle.csv","7: ""render_joint_compartment_qc_figures"",""results/figures/03_qc_exploration/00b_joint_compartment_qc/publication_style/global/joint_compartment_qc_extended_data_fi","NAMESPACE_BASENAME","03_qc_exploration","","PROVENANCE","historical",FALSE,"MEDIUM",""
"export_marker_traits","pRoteomics","audits/phase6g_qc_lifecycle.csv","8: ""render_joint_compartment_qc_figures"",""results/figures/03_qc_exploration/00b_joint_compartment_qc/publication_style/global/panels/"",""results/qc/render_joint_com","NAMESPACE_BASENAME","03_qc_exploration","","PROVENANCE","historical",FALSE,"MEDIUM",""
"export_marker_traits","pRoteomics","audits/phase6g_qc_lifecycle.csv","9: ""render_joint_compartment_qc_figures"",""results/reports/03_qc_exploration/00c_joint_compartment_qc_publication_figures/global/joint_compartment_qc_publication_fi","NAMESPACE_BASENAME","03_qc_exploration","","PROVENANCE","historical",FALSE,"MEDIUM",""
"export_marker_traits","pRoteomics","audits/phase6g_qc_lifecycle.csv","10: ""render_joint_compartment_qc_figures"",""results/logs/03_qc_exploration/00c_joint_compartment_qc_publication_figures/global/run_manifest.yml"",""results/qc/render_j","NAMESPACE_BASENAME","03_qc_exploration","","PROVENANCE","historical",FALSE,"MEDIUM",""
"export_marker_traits","pRoteomics","audits/phase6g_qc_lifecycle.csv","12: ""build_reference_marker_registry"",""results/tables/03_qc_exploration/reference_marker_import/"",""results/qc/build_reference_marker_registry/global/tables"",""TABLE""","NAMESPACE_BASENAME","03_qc_exploration","","PROVENANCE","historical",FALSE,"MEDIUM",""
"export_marker_traits","pRoteomics","audits/phase6g_qc_lifecycle.csv","13: ""discover_empirical_roi_markers"",""results/tables/03_qc_exploration/05_empirical_roi_marker_discovery/empirical_roi_marker_sets.csv"",""results/qc/discover_empiric","NAMESPACE_BASENAME","03_qc_exploration","","PROVENANCE","historical",FALSE,"MEDIUM",""
"export_marker_traits","pRoteomics","audits/phase6g_qc_lifecycle.csv","14: ""assess_dataset_quality"",""results/tables/03_qc_exploration/00_dataset_qc_report/<dataset>/dataset_qc_report.xlsx"",""results/qc/assess_dataset_quality/<dataset>/t","NAMESPACE_BASENAME","03_qc_exploration","","PROVENANCE","historical",FALSE,"MEDIUM",""
"export_marker_traits","pRoteomics","audits/phase6g_qc_lifecycle.csv","15: ""assess_dataset_quality"",""results/reports/03_qc_exploration/00_dataset_qc_report/<dataset>/dataset_qc_summary.md"",""results/qc/assess_dataset_quality/<dataset>/r","NAMESPACE_BASENAME","03_qc_exploration","","PROVENANCE","historical",FALSE,"MEDIUM",""
"export_marker_traits","pRoteomics","audits/phase6g_qc_lifecycle.csv","16: ""assess_sample_quality"",""results/figures/03_qc_exploration/01_sample_qc_quicksearch/<dataset>/"",""results/qc/assess_sample_quality/<dataset>/plots"",""PLOT"",""analy","NAMESPACE_BASENAME","03_qc_exploration","","PROVENANCE","historical",FALSE,"MEDIUM",""
"export_marker_traits","pRoteomics","audits/phase6g_qc_lifecycle.csv","17: ""assess_sample_quality"",""results/tables/03_qc_exploration/01_sample_qc_quicksearch/<dataset>/qc_summary_tables.xlsx"",""results/qc/assess_sample_quality/<dataset>","NAMESPACE_BASENAME","03_qc_exploration","","PROVENANCE","historical",FALSE,"MEDIUM",""
"export_marker_traits","pRoteomics","audits/phase6g_qc_lifecycle.csv","18: ""summarize_missingness"",""results/tables/03_qc_exploration/02_missingness_diagnostics/<dataset>/missingness_diagnostics.xlsx"",""results/qc/summarize_missingness/<","NAMESPACE_BASENAME","03_qc_exploration","","PROVENANCE","historical",FALSE,"MEDIUM",""
"export_marker_traits","pRoteomics","audits/phase6g_qc_lifecycle.csv","19: ""assess_replicate_consistency"",""results/tables/03_qc_exploration/03_replicate_consistency/<dataset>/replicate_consistency.xlsx"",""results/qc/assess_replicate_con","NAMESPACE_BASENAME","03_qc_exploration","","PROVENANCE","historical",FALSE,"MEDIUM",""
"export_marker_traits","pRoteomics","audits/phase6g_qc_lifecycle.csv","20: ""assess_marker_rank_abundance"",""results/tables/03_qc_exploration/04_marker_rank_abundance_qc/<dataset>/"",""results/qc/assess_marker_rank_abundance/<dataset>/tabl","NAMESPACE_BASENAME","03_qc_exploration","","PROVENANCE","historical",FALSE,"MEDIUM",""
"export_marker_traits","pRoteomics","audits/phase6g_qc_lifecycle.csv","21: ""summarize_marker_detectability"",""results/tables/03_qc_exploration/04c_marker_detectability_and_wgcna_bridge/<dataset>/"",""results/qc/summarize_marker_detectabil","NAMESPACE_BASENAME","03_qc_exploration","","PROVENANCE","historical",FALSE,"MEDIUM",""
"export_marker_traits","pRoteomics","audits/phase6g_qc_lifecycle.csv","22: ""assess_pca_confounding"",""results/tables/03_qc_exploration/05_pca_confounding_qc/<dataset>/"",""results/qc/assess_pca_confounding/<dataset>/tables"",""TABLE"",""analy","NAMESPACE_BASENAME","03_qc_exploration","","PROVENANCE","historical",FALSE,"MEDIUM",""
"export_marker_traits","pRoteomics","audits/phase6g_qc_lifecycle.csv","23: ""partition_variance"",""results/tables/03_qc_exploration/06_variance_partitioning/<dataset>/"",""results/qc/partition_variance/<dataset>/tables"",""TABLE"",""analysis/q","NAMESPACE_BASENAME","03_qc_exploration","","PROVENANCE","historical",FALSE,"MEDIUM",""
"export_marker_traits","pRoteomics","audits/phase6g_qc_lifecycle.csv","24: ""partition_variance"",""results/reports/03_qc_exploration/06_variance_partitioning/<dataset>/"",""results/qc/partition_variance/<dataset>/reports"",""REPORT"",""analysi","NAMESPACE_BASENAME","03_qc_exploration","","PROVENANCE","historical",FALSE,"MEDIUM",""
"export_marker_traits","pRoteomics","audits/phase6g_qc_lifecycle.csv","25: ""export_marker_traits"",""results/tables/03_qc_exploration/06_wgcna_marker_trait_export/<dataset>/"",""results/qc/export_marker_traits/<dataset>/tables"",""TABLE"",""an","NAMESPACE_BASENAME","03_qc_exploration","","PROVENANCE","historical",FALSE,"MEDIUM",""
"export_marker_traits","pRoteomics","audits/phase6g_qc_lifecycle.csv","26: ""summarize_qc_confounding"",""results/reports/03_qc_exploration/07_qc_biology_confounding_report/<dataset>/"",""results/qc/summarize_qc_confounding/<dataset>/report","NAMESPACE_BASENAME","03_qc_exploration","","PROVENANCE","historical",FALSE,"MEDIUM",""
"export_marker_traits","pRoteomics","audits/phase6g_qc_lifecycle.csv","27: ""render_compartment_abundance_figures"",""results/source_data/03_qc_exploration/04e_control_compartment_abundance_publication_figures/global/"",""results/qc/render_","NAMESPACE_BASENAME","03_qc_exploration","","PROVENANCE","historical",FALSE,"MEDIUM",""
"export_marker_traits","pRoteomics","audits/phase6g_qc_lifecycle.csv","28: ""render_compartment_abundance_figures"",""results/figures/03_qc_exploration/04e_control_compartment_abundance_publication_figures/global/"",""results/qc/render_comp","NAMESPACE_BASENAME","03_qc_exploration","","PROVENANCE","historical",FALSE,"MEDIUM",""
"export_marker_traits","pRoteomics","audits/phase6g_qc_lifecycle.csv","29: ""render_compartment_abundance_figures"",""results/reports/03_qc_exploration/04e_control_compartment_abundance_publication_figures/global/"",""results/qc/render_comp","NAMESPACE_BASENAME","03_qc_exploration","","PROVENANCE","historical",FALSE,"MEDIUM",""
"export_marker_traits","pRoteomics","audits/phase6g_qc_lifecycle.csv","25: ""export_marker_traits"",""results/tables/03_qc_exploration/06_wgcna_marker_trait_export/<dataset>/"",""results/qc/export_marker_traits/<dataset>/tables"",""TABLE"",""an","NAMESPACE_BASENAME","06_wgcna_marker_trait_export","","PROVENANCE","historical",FALSE,"MEDIUM",""
"export_marker_traits","pRoteomics","audits/phase6g_qc_lifecycle.csv","25: ""export_marker_traits"",""results/tables/03_qc_exploration/06_wgcna_marker_trait_export/<dataset>/"",""results/qc/export_marker_traits/<dataset>/tables"",""TABLE"",""an","ANALYSIS_REFERENCE","export_marker_traits","","PROVENANCE","historical",FALSE,"MEDIUM",""
"export_marker_traits","pRoteomics","audits/phase6g_qc_lifecycle.csv","25: ""export_marker_traits"",""results/tables/03_qc_exploration/06_wgcna_marker_trait_export/<dataset>/"",""results/qc/export_marker_traits/<dataset>/tables"",""TABLE"",""an","ANALYSIS_REFERENCE","export_marker_traits.R","","PROVENANCE","historical",FALSE,"MEDIUM",""
"export_marker_traits","pRoteomics","audits/phase6g_writer_namespace_audit.csv","23: ""qc"",""export_marker_traits"",""analysis/qc/export_marker_traits.R"",""results/qc/export_marker_traits/<dataset>/tables"",1,""results/qc/export_marker_traits/"",""result","FULL_PATH","results/qc/export_marker_traits/<dataset>/tables","","PROVENANCE","historical",FALSE,"HIGH",""
"export_marker_traits","pRoteomics","audits/phase6g_writer_namespace_audit.csv","23: ""qc"",""export_marker_traits"",""analysis/qc/export_marker_traits.R"",""results/qc/export_marker_traits/<dataset>/tables"",1,""results/qc/export_marker_traits/"",""result","ANALYSIS_REFERENCE","export_marker_traits","","PROVENANCE","historical",FALSE,"MEDIUM",""
"export_marker_traits","pRoteomics","audits/phase6g_writer_namespace_audit.csv","23: ""qc"",""export_marker_traits"",""analysis/qc/export_marker_traits.R"",""results/qc/export_marker_traits/<dataset>/tables"",1,""results/qc/export_marker_traits/"",""result","ANALYSIS_REFERENCE","export_marker_traits.R","","PROVENANCE","historical",FALSE,"MEDIUM",""
"export_marker_traits","pRoteomics","audits/publication_hardening/06_target_structure_and_risk.R","104: ""03_qc_exploration/04f_compartment_fidelity_summary.r"",","NAMESPACE_BASENAME","03_qc_exploration","","PROVENANCE","historical",FALSE,"MEDIUM",""
"export_marker_traits","pRoteomics","audits/restructure_migration_map.csv","23: ""pRoteomics"",""results/source_data/03_qc_exploration/04e_control_compartment_abundance_publication_figures/global/figure2d_compact_recognizable_markers_v2_source","NAMESPACE_BASENAME","03_qc_exploration","","PROVENANCE","historical",FALSE,"MEDIUM",""
"export_marker_traits","pRoteomics","audits/restructure_migration_map.csv","25: ""pRoteomics"",""results/tables/03_qc_exploration/00b_joint_compartment_qc/global/joint_primary_pca_scores.csv"",""2e1decd69cb06a145ce5890f3eba785529dc45ed58325bf92b","NAMESPACE_BASENAME","03_qc_exploration","","PROVENANCE","historical",FALSE,"MEDIUM",""
"export_marker_traits","pRoteomics","audits/restructure_migration_map.csv","26: ""pRoteomics"",""results/tables/03_qc_exploration/00b_joint_compartment_qc/global/joint_primary_pca_variance_explained.csv"",""a95fe04686db47e86b185157e7e3864d4e0264","NAMESPACE_BASENAME","03_qc_exploration","","PROVENANCE","historical",FALSE,"MEDIUM",""
"export_marker_traits","pRoteomics","docs/restructure_inventory.csv","19: ""03_qc_exploration/assess_dataset_quality.R"",""ANALYSIS_ENTRYPOINT"",""proteomics"",""ACTIVE_CANONICAL"",TRUE,FALSE,""pRoteomics"",""analysis/02_qc/assess_dataset_qualit","NAMESPACE_BASENAME","03_qc_exploration","","PROVENANCE","historical",FALSE,"MEDIUM",""
"export_marker_traits","pRoteomics","docs/restructure_inventory.csv","20: ""03_qc_exploration/assess_joint_compartment_quality.R"",""ANALYSIS_ENTRYPOINT"",""proteomics"",""ACTIVE_CANONICAL"",TRUE,FALSE,""pRoteomics"",""analysis/02_qc/assess_join","NAMESPACE_BASENAME","03_qc_exploration","","PROVENANCE","historical",FALSE,"MEDIUM",""
"export_marker_traits","pRoteomics","docs/restructure_inventory.csv","21: ""03_qc_exploration/render_joint_compartment_qc_figures.R"",""ANALYSIS_ENTRYPOINT"",""proteomics"",""ACTIVE_CANONICAL"",TRUE,FALSE,""pRoteomics"",""analysis/02_qc/render_j","NAMESPACE_BASENAME","03_qc_exploration","","PROVENANCE","historical",FALSE,"MEDIUM",""
"export_marker_traits","pRoteomics","docs/restructure_inventory.csv","22: ""03_qc_exploration/assess_sample_quality.R"",""ANALYSIS_ENTRYPOINT"",""proteomics"",""ACTIVE_CANONICAL"",TRUE,FALSE,""pRoteomics"",""analysis/02_qc/assess_sample_quality.","NAMESPACE_BASENAME","03_qc_exploration","","PROVENANCE","historical",FALSE,"MEDIUM",""
"export_marker_traits","pRoteomics","docs/restructure_inventory.csv","23: ""03_qc_exploration/summarize_missingness.R"",""ANALYSIS_ENTRYPOINT"",""proteomics"",""ACTIVE_CANONICAL"",TRUE,FALSE,""pRoteomics"",""analysis/02_qc/summarize_missingness.","NAMESPACE_BASENAME","03_qc_exploration","","PROVENANCE","historical",FALSE,"MEDIUM",""
"export_marker_traits","pRoteomics","docs/restructure_inventory.csv","24: ""03_qc_exploration/assess_replicate_consistency.R"",""ANALYSIS_ENTRYPOINT"",""proteomics"",""ACTIVE_CANONICAL"",TRUE,FALSE,""pRoteomics"",""analysis/02_qc/assess_replicat","NAMESPACE_BASENAME","03_qc_exploration","","PROVENANCE","historical",FALSE,"MEDIUM",""
"export_marker_traits","pRoteomics","docs/restructure_inventory.csv","25: ""03_qc_exploration/assess_marker_rank_abundance.R"",""ANALYSIS_ENTRYPOINT"",""proteomics"",""ACTIVE_CANONICAL"",TRUE,FALSE,""pRoteomics"",""analysis/02_qc/assess_marker_r","NAMESPACE_BASENAME","03_qc_exploration","","PROVENANCE","historical",FALSE,"MEDIUM",""
"export_marker_traits","pRoteomics","docs/restructure_inventory.csv","26: ""03_qc_exploration/build_reference_marker_registry.R"",""ANALYSIS_ENTRYPOINT"",""proteomics"",""ACTIVE_CANONICAL"",TRUE,FALSE,""pRoteomics"",""analysis/02_qc/build_refere","NAMESPACE_BASENAME","03_qc_exploration","","PROVENANCE","historical",FALSE,"MEDIUM",""
"export_marker_traits","pRoteomics","docs/restructure_inventory.csv","27: ""03_qc_exploration/summarize_marker_detectability.R"",""ANALYSIS_ENTRYPOINT"",""proteomics"",""ACTIVE_CANONICAL"",TRUE,FALSE,""pRoteomics"",""analysis/02_qc/summarize_mar","NAMESPACE_BASENAME","03_qc_exploration","","PROVENANCE","historical",FALSE,"MEDIUM",""
"export_marker_traits","pRoteomics","docs/restructure_inventory.csv","28: ""03_qc_exploration/04d_compartment_marker_fidelity.r"",""LEGACY_SUPERSEDED"",""proteomics"",""SUPERSEDED_PROVENANCE"",TRUE,FALSE,""pRoteomics"",""archive/02_qc/04d_compar","NAMESPACE_BASENAME","03_qc_exploration","","PROVENANCE","historical",FALSE,"MEDIUM",""
"export_marker_traits","pRoteomics","docs/restructure_inventory.csv","29: ""03_qc_exploration/render_compartment_abundance_figures.R"",""ANALYSIS_ENTRYPOINT"",""proteomics"",""ACTIVE_CANONICAL"",TRUE,FALSE,""pRoteomics"",""analysis/02_qc/render_","NAMESPACE_BASENAME","03_qc_exploration","","PROVENANCE","historical",FALSE,"MEDIUM",""
"export_marker_traits","pRoteomics","docs/restructure_inventory.csv","30: ""03_qc_exploration/discover_empirical_roi_markers.R"",""ANALYSIS_ENTRYPOINT"",""proteomics"",""ACTIVE_CANONICAL"",TRUE,FALSE,""pRoteomics"",""analysis/02_qc/discover_empi","NAMESPACE_BASENAME","03_qc_exploration","","PROVENANCE","historical",FALSE,"MEDIUM",""
"export_marker_traits","pRoteomics","docs/restructure_inventory.csv","31: ""03_qc_exploration/assess_pca_confounding.R"",""ANALYSIS_ENTRYPOINT"",""proteomics"",""ACTIVE_CANONICAL"",TRUE,FALSE,""pRoteomics"",""analysis/02_qc/assess_pca_confoundin","NAMESPACE_BASENAME","03_qc_exploration","","PROVENANCE","historical",FALSE,"MEDIUM",""
"export_marker_traits","pRoteomics","docs/restructure_inventory.csv","32: ""03_qc_exploration/partition_variance.R"",""ANALYSIS_ENTRYPOINT"",""proteomics"",""ACTIVE_CANONICAL"",TRUE,FALSE,""pRoteomics"",""analysis/02_qc/partition_variance.R"",""ru","NAMESPACE_BASENAME","03_qc_exploration","","PROVENANCE","historical",FALSE,"MEDIUM",""
"export_marker_traits","pRoteomics","docs/restructure_inventory.csv","33: ""03_qc_exploration/export_marker_traits.R"",""ANALYSIS_ENTRYPOINT"",""proteomics"",""ACTIVE_CANONICAL"",TRUE,FALSE,""pRoteomics"",""analysis/02_qc/export_marker_traits.R""","NAMESPACE_BASENAME","03_qc_exploration","","PROVENANCE","historical",FALSE,"MEDIUM",""
"export_marker_traits","pRoteomics","docs/restructure_inventory.csv","34: ""03_qc_exploration/summarize_qc_confounding.R"",""ANALYSIS_ENTRYPOINT"",""proteomics"",""ACTIVE_CANONICAL"",TRUE,FALSE,""pRoteomics"",""analysis/02_qc/summarize_qc_confou","NAMESPACE_BASENAME","03_qc_exploration","","PROVENANCE","historical",FALSE,"MEDIUM",""
"export_marker_traits","pRoteomics","docs/restructure_inventory.csv","35: ""03_qc_exploration/README.md"",""DOCUMENTATION"",""proteomics"",""ACTIVE_SUPPORT"",TRUE,FALSE,""pRoteomics"",""analysis/02_qc/README.md"",""stage-local documentation""","NAMESPACE_BASENAME","03_qc_exploration","","PROVENANCE","historical",FALSE,"MEDIUM",""
"export_marker_traits","pRoteomics","docs/restructure_inventory.csv","36: ""03_qc_exploration/legacy/06_pcaPlot_Neha.r"",""LEGACY_SUPERSEDED"",""proteomics"",""SUPERSEDED_PROVENANCE"",TRUE,FALSE,""pRoteomics"",""archive/03_qc_exploration/legacy/","NAMESPACE_BASENAME","03_qc_exploration","","PROVENANCE","historical",FALSE,"MEDIUM",""
"export_marker_traits","pRoteomics","docs/restructure_inventory.csv","37: ""03_qc_exploration/legacy/08_boxplotBonanza.r"",""LEGACY_SUPERSEDED"",""proteomics"",""SUPERSEDED_PROVENANCE"",TRUE,FALSE,""pRoteomics"",""archive/03_qc_exploration/legac","NAMESPACE_BASENAME","03_qc_exploration","","PROVENANCE","historical",FALSE,"MEDIUM",""
"export_marker_traits","pRoteomics","docs/restructure_inventory.csv","38: ""03_qc_exploration/legacy/README.md"",""LEGACY_SUPERSEDED"",""proteomics"",""SUPERSEDED_PROVENANCE"",TRUE,FALSE,""pRoteomics"",""archive/03_qc_exploration/legacy/README.m","NAMESPACE_BASENAME","03_qc_exploration","","PROVENANCE","historical",FALSE,"MEDIUM",""
"export_marker_traits","pRoteomics","docs/restructure_inventory.csv","671: ""results/source_data/03_qc_exploration/04e_control_compartment_abundance_publication_figures/global/figure2d_compact_recognizable_markers_v2_source_data.csv"",""P","NAMESPACE_BASENAME","03_qc_exploration","","PROVENANCE","historical",FALSE,"MEDIUM",""
"export_marker_traits","pRoteomics","docs/restructure_inventory.csv","673: ""results/tables/03_qc_exploration/00b_joint_compartment_qc/global/joint_primary_pca_scores.csv"",""CANONICAL_ANALYSIS_OUTPUT"",""proteomics"",""ACTIVE_CANONICAL"",FALS","NAMESPACE_BASENAME","03_qc_exploration","","PROVENANCE","historical",FALSE,"MEDIUM",""
"export_marker_traits","pRoteomics","docs/restructure_inventory.csv","674: ""results/tables/03_qc_exploration/00b_joint_compartment_qc/global/joint_primary_pca_variance_explained.csv"",""CANONICAL_ANALYSIS_OUTPUT"",""proteomics"",""ACTIVE_CAN","NAMESPACE_BASENAME","03_qc_exploration","","PROVENANCE","historical",FALSE,"MEDIUM",""
"export_marker_traits","pRoteomics","docs/restructure_inventory.csv","33: ""03_qc_exploration/export_marker_traits.R"",""ANALYSIS_ENTRYPOINT"",""proteomics"",""ACTIVE_CANONICAL"",TRUE,FALSE,""pRoteomics"",""analysis/02_qc/export_marker_traits.R""","ANALYSIS_REFERENCE","export_marker_traits","","PROVENANCE","historical",FALSE,"MEDIUM",""
"export_marker_traits","pRoteomics","docs/restructure_inventory.csv","33: ""03_qc_exploration/export_marker_traits.R"",""ANALYSIS_ENTRYPOINT"",""proteomics"",""ACTIVE_CANONICAL"",TRUE,FALSE,""pRoteomics"",""analysis/02_qc/export_marker_traits.R""","ANALYSIS_REFERENCE","export_marker_traits.R","","PROVENANCE","historical",FALSE,"MEDIUM",""
"export_marker_traits","pRoteomics","tools/verify_path_contract_rewrites.R","40: c(""03_qc_exploration"",                     ""analysis/qc""),","NAMESPACE_BASENAME","03_qc_exploration","","PROVENANCE","active",FALSE,"MEDIUM",""
"export_marker_traits","pRoteomics","tests/testthat/test-canonical-marker-qc.R","245: ""analysis/qc/export_marker_traits.R""","ANALYSIS_REFERENCE","export_marker_traits","","TEST","active",FALSE,"MEDIUM",""
"export_marker_traits","pRoteomics","tests/testthat/test-canonical-marker-qc.R","260: ""discover_empirical_roi_markers.R"", ""export_marker_traits.R""","ANALYSIS_REFERENCE","export_marker_traits","","TEST","active",FALSE,"MEDIUM",""
"export_marker_traits","pRoteomics","tests/testthat/test-canonical-marker-qc.R","245: ""analysis/qc/export_marker_traits.R""","ANALYSIS_REFERENCE","export_marker_traits.R","","TEST","active",FALSE,"MEDIUM",""
"export_marker_traits","pRoteomics","tests/testthat/test-canonical-marker-qc.R","260: ""discover_empirical_roi_markers.R"", ""export_marker_traits.R""","ANALYSIS_REFERENCE","export_marker_traits.R","","TEST","active",FALSE,"MEDIUM",""
"export_marker_traits","pRoteomics","tests/testthat/test-qc-writer-namespace.R","22: ""export_marker_traits"", ""partition_variance"",","ANALYSIS_REFERENCE","export_marker_traits","","TEST","active",FALSE,"MEDIUM",""
"export_marker_traits","pRoteomics","tests/testthat/test-wgcna-downstream-scripts.R","7: ""analysis/qc/export_marker_traits.R"",","ANALYSIS_REFERENCE","export_marker_traits","","TEST","active",FALSE,"MEDIUM",""
"export_marker_traits","pRoteomics","tests/testthat/test-wgcna-downstream-scripts.R","26: c(""analysis/qc/export_marker_traits.R"", ""--dataset"", ""microglia"", ""--dry-run""),","ANALYSIS_REFERENCE","export_marker_traits","","TEST","active",FALSE,"MEDIUM",""
"export_marker_traits","pRoteomics","tests/testthat/test-wgcna-downstream-scripts.R","7: ""analysis/qc/export_marker_traits.R"",","ANALYSIS_REFERENCE","export_marker_traits.R","","TEST","active",FALSE,"MEDIUM",""
"export_marker_traits","pRoteomics","tests/testthat/test-wgcna-downstream-scripts.R","26: c(""analysis/qc/export_marker_traits.R"", ""--dataset"", ""microglia"", ""--dry-run""),","ANALYSIS_REFERENCE","export_marker_traits.R","","TEST","active",FALSE,"MEDIUM",""
