"ed_figure","canonical_publication_id","historical_generation","panels","promote","classification","defect_or_note"
"ED1","extended_data_01","ED1_FINAL_V9","2 (bilateral inventory, precision gain)","YES","CURRENT_BUT_PROVENANCE_REPAIR_NEEDED","Promoted. All 15 bilateral contrasts drawn and nothing cropped; the two lowest CA1 laminar values 0.381 and 0.487 are present. Every manuscript value reproduces from the source table. Provenance concerns only: panel a carries no x-axis title so as a standalone it never states these are within-animal left-versus-right comparisons in 3 control animals, and the two dentate-gyrus layer contrasts are algebraic mirror images drawn as two unmarked rows. Both are recorded, neither changes a value."
"ED2","extended_data_02","ED2_FINAL_V9 (panel c withheld)","2 promoted (complete CON-only fingerprint; all 30 tested external pairings); historical panel c withheld","YES","CURRENT_AND_PROMOTABLE_AFTER_PANEL_WITHDRAWAL_AND_MT04_REPAIR","PROMOTED IN PHASE 6A.5 with panels a and b only. The withheld panel c drew 14 of the 2,826 FDR-supported positive GO terms under a complete-inventory caption; no manuscript claim cites it, so it is dropped rather than reworded. Two artefacts that carried the same claim were corrected with it: Figure 2h's pointer, which appeared in four places including inside its own published source data, now names the released control_anatomical_go_bp_gsea supplementary table (40,680 rows, 11 contrasts); and ST3 now states its selection instead of claiming completeness. Panel b itself needed repair before it could be promoted, and it is the panel the manuscript cites for the study's only externally anchored claim. It marked significance from the column named p_adjust, which in this analysis is the raw single-set value, and its legend and ST2 called that Benjamini-Hochberg adjusted - the same class of false statistical label that withheld panel c. It now uses signature_FDR, the signature-family correction the Results sentence rests on, and the released source data carries both statistics under their true names. No mark moved: the two agree on all 30 rows. Panel b is complete with respect to what was tested - all 30 pairings - and the caption states that the 9 contrasts and 7 signatures form a 63-cell grid of which only the structurally applicable pairs were tested."
"ED3","extended_data_03","ED3_FINAL_V9","5 (locator, missingness, displacement, classes, sensitivity)","YES","CURRENT_AND_PROMOTABLE","Promoted. Four of five panels CURRENT_AND_PROMOTABLE. Encodes the post-QC CA2-SLM argument correctly: missingness 6.2-24.8 percent, displacement -0.146, r about 0.93, and the 6 / 10 / 12 class split over the 28. No hotspot framing. Panel c is drawn by a renderer whose home is the superseded story_v5 layer, which is finding PH-001, accepted and guarded."
"ED4","extended_data_04","ED_WGCNA_FINAL_V9","4 (module fingerprint, phenotype, cell type, m11)","NO","BLOCKED_SCOPE_AND_UNSUPPORTED_SPATIAL_LABELS","NOT PROMOTED. Two blocking defects. First, the shipped panel annotation reads 0 of 45 module x contrast cells are FDR-supported with no compartment scope, immediately beside an all-compartment 0 of 35, in a figure whose panel a is explicitly three-compartment; 45 is NEUROPIL ONLY and the all-compartment figure is 105. Verified on the artefact. Second, every one of the 15 neuropil module rows is labelled peak <unit> while 8 of the 15 are classified has_spatial_identity FALSE by the canonical atlas, whose own summary for them is no dominant unit - the panel asserts a spatial preference the source table declines to assert. This figure had no Extended Data number of its own in the v9 contract; extended_data_04 is reserved for it."
"ED5","extended_data_05","behavioural_bridge_import","2 (early-window coverage, a-priori model ladder)","YES","CURRENT_AND_PROMOTABLE","Promoted, and new in Phase 6A. Carries the coverage contract - 111 animals, 50 contributing every expected slot, 61 missing leading slots only, mean 98.6 percent, minimum 94.4 percent - and the complete a-priori model registry with LOAO R2 0.159 / 0.152 / 0.152 / 0.142 against -0.018, repeated grouped five-fold 0.156 with 0.116 to 0.179. No per-repeat distribution is drawn because none exists upstream."
"ED6","extended_data_06","ED6_FINAL_V9","5 (RES-CON atlas, SUS-CON atlas, three exemplar curves)","YES","CURRENT_AND_PROMOTABLE","Promoted. The atlas contract is fully satisfied and was verified independently: registry manuscript_go_themes_v3, exactly seven programs, 253 constituent terms, mitochondrial theme exactly 16 terms with GO:0006096 glycolysis excluded and GO:0006086 and GO:0006099 retained. The three ED curves are the same three exemplars as main Figure 3. These atlas panels have no track above them and correctly keep their right-hand legend; the Phase 5B geometry change is scoped to the main-figure atlas and did not alter them."
"ED7","extended_data_07","ED7_FINAL_V9","2 (identity subsets, locations)","NO","UNUSED_AND_ARCHIVABLE","NOT PROMOTED. Scientifically current but cited nowhere: no Extended Data Fig. 7 reference exists in manuscript_draft.md and no claim in results_claim_provenance.csv resolves to it. There is nothing to promote it into. Archivable rather than defective; extended_data_07 is reserved so the identity cannot be reused."
"ED8","extended_data_08","ED8_FINAL_V9","4 (similarity, network distance, nulls, edge-behaviour coupling)","YES","CURRENT_BUT_PROVENANCE_REPAIR_NEEDED","Promoted. All four panels render the current network contract: node is an anatomical sampling unit, edge is a within-animal Spearman correlation, exact enumeration rather than sampling, and the edge-behaviour panel uses no permutation. Panel b is drawn by a renderer whose home is the superseded story_v5 layer - PH-001, accepted and guarded."
"ED9","extended_data_09","behavioural_bridge_import","3 (secondary feature associations, sex interactions, stratified correlations)","YES","CURRENT_AND_PROMOTABLE","Promoted, and restructured in Phase 6A. Panel a is the two secondary features, drawn as effect sizes because the frozen bundle exports per-animal values for Movement_mean only - a per-animal RMSSD or entropy scatter cannot be drawn without inventing the points, and is not. Panels b and c keep the meaning they had. The renderer refuses to draw panel c unless every interaction is still classified FORMAL_INTERACTION_NOT_SUPPORTED."
