"repository","file","line","classification","text"
"proteomics","R/enrichment/enrichment_io.R",80,"ACTIVE_RUNTIME_DEPENDENCY","""Run the repository from a shorter project root such as P:\\ before launching workers. "","
"proteomics","archive/05_celltype_enrichment_EWCE/90_EWCE_legacy.r",19,"HISTORICAL_ARCHIVED_SCRIPT","base_results <- ""S:/Lab_Member/Tobi/Experiments/Collabs/Neha/clusterProfiler/Results/EWCE"""
"proteomics","archive/05_celltype_enrichment_EWCE/90_EWCE_legacy.r",33,"HISTORICAL_ARCHIVED_SCRIPT","path_to_file <- ""S:/Lab_Member/Tobi/Experiments/Collabs/Neha/clusterProfiler/Datasets/gct/data/imputed_data.xlsx"""
"proteomics","archive/05_celltype_enrichment_EWCE/90_EWCE_legacy.r",267,"HISTORICAL_ARCHIVED_SCRIPT","base_results <- ""S:/Lab_Member/Tobi/Experiments/Collabs/Neha/clusterProfiler/Results/EWCE"""
"proteomics","archive/05_celltype_enrichment_EWCE/90_EWCE_legacy.r",290,"HISTORICAL_ARCHIVED_SCRIPT","raw_df <- read_excel(""S:/Lab_Member/Tobi/Experiments/Collabs/Neha/clusterProfiler/Datasets/gct/data/imputed_data.xlsx"")"
"proteomics","archive/05_celltype_enrichment_EWCE/90_EWCE_legacy.r",447,"HISTORICAL_ARCHIVED_SCRIPT","base_results <- ""S:/Lab_Member/Tobi/Experiments/Collabs/Neha/clusterProfiler/Results/EWCE"""
"proteomics","archive/05_celltype_enrichment_EWCE/90_EWCE_legacy.r",469,"HISTORICAL_ARCHIVED_SCRIPT","path_to_file <- ""S:/Lab_Member/Tobi/Experiments/Collabs/Neha/clusterProfiler/Datasets/gct/data/imputed_data.xlsx"""
"proteomics","archive/05_celltype_enrichment_EWCE/90_EWCE_legacy.r",632,"HISTORICAL_ARCHIVED_SCRIPT","base_results <- ""S:/Lab_Member/Tobi/Experiments/Collabs/Neha/clusterProfiler/Results/EWCE"""
"proteomics","archive/05_celltype_enrichment_EWCE/90_EWCE_legacy.r",654,"HISTORICAL_ARCHIVED_SCRIPT","path_to_file <- ""S:/Lab_Member/Tobi/Experiments/Collabs/Neha/clusterProfiler/Datasets/gct/data/imputed_data.xlsx"""
"proteomics","archive/deprecated/01_MapThatProt.r",35,"HISTORICAL_ARCHIVED_SCRIPT","working_dir <- ""S:/Lab_Member/Tobi/Experiments/Collabs/Neha/clusterProfiler"""
"proteomics","archive/deprecated/01_WGCNA.r",33,"HISTORICAL_ARCHIVED_SCRIPT","output_dir <- ""S:/Lab_Member/Tobi/Experiments/Exp9_Social-Stress/proteomics/wgcna/output"""
"proteomics","archive/deprecated/01_WGCNA.r",39,"HISTORICAL_ARCHIVED_SCRIPT","d <- ""S:/Lab_Member/Tobi/Experiments/Exp9_Social-Stress/proteomics/msdap/variancePartition/data/male.data.xlsx"""
"proteomics","archive/deprecated/01_WGCNA.r",252,"HISTORICAL_ARCHIVED_SCRIPT","t <- ""S:/Lab_Member/Tobi/Experiments/Exp9_Social-Stress/proteomics/msdap/variancePartition/data/sample_info.xlsx"""
"proteomics","archive/deprecated/02_WGCNAtraitpreservation.r",27,"HISTORICAL_ARCHIVED_SCRIPT","output_dir <- ""S:/Lab_Member/Tobi/Experiments/Exp9_Social-Stress/proteomics/wgcna/output/microglia/"""
"proteomics","archive/deprecated/02_WGCNAtraitpreservation.r",54,"HISTORICAL_ARCHIVED_SCRIPT","#expr_xlsx <- ""S:/Lab_Member/Tobi/Experiments/Exp9_Social-Stress/proteomics/msdap/variancePartition/data/male.data.xlsx"""
"proteomics","archive/deprecated/02_WGCNAtraitpreservation.r",55,"HISTORICAL_ARCHIVED_SCRIPT","#meta_xlsx <- ""S:/Lab_Member/Tobi/Experiments/Exp9_Social-Stress/proteomics/msdap/variancePartition/data/sample_info.xls"
"proteomics","archive/deprecated/02_WGCNAtraitpreservation.r",56,"HISTORICAL_ARCHIVED_SCRIPT","meta_xlsx <- ""S:/Lab_Member/Tobi/Experiments/Exp9_Social-Stress/proteomics/msdap/variancePartition/data/sample_info_micr"
"proteomics","archive/deprecated/02_WGCNAtraitpreservation.r",59,"HISTORICAL_ARCHIVED_SCRIPT","#output_dir <- ""S:/Lab_Member/Tobi/Experiments/Exp9_Social-Stress/proteomics/wgcna/output"""
"proteomics","archive/deprecated/02_WGCNAtraitpreservation.r",66,"HISTORICAL_ARCHIVED_SCRIPT","d <- ""S:/Lab_Member/Tobi/Experiments/Exp9_Social-Stress/proteomics/msdap/variancePartition/data/male.data_microglia.xlsx"
"proteomics","archive/deprecated/02_WGCNAtraitpreservation.r",67,"HISTORICAL_ARCHIVED_SCRIPT","expr <- ""S:/Lab_Member/Tobi/Experiments/Exp9_Social-Stress/proteomics/msdap/variancePartition/data/male.data_microglia.x"
"proteomics","archive/deprecated/02_WGCNAtraitpreservation.r",92,"HISTORICAL_ARCHIVED_SCRIPT","output_dir <- ""S:/Lab_Member/Tobi/Experiments/Exp9_Social-Stress/proteomics/wgcna/output/microglia/"""
"proteomics","archive/deprecated/02_WGCNAtraitpreservation.r",107,"HISTORICAL_ARCHIVED_SCRIPT","#expr_xlsx <- ""S:/Lab_Member/Tobi/Experiments/Exp9_Social-Stress/proteomics/msdap/variancePartition/data/male.data_.xlsx"
"proteomics","archive/deprecated/02_WGCNAtraitpreservation.r",108,"HISTORICAL_ARCHIVED_SCRIPT","#meta_xlsx <- ""S:/Lab_Member/Tobi/Experiments/Exp9_Social-Stress/proteomics/msdap/variancePartition/data/sample_info.xls"
"proteomics","archive/deprecated/02_WGCNAtraitpreservation.r",110,"HISTORICAL_ARCHIVED_SCRIPT","expr_xlsx <- ""S:/Lab_Member/Tobi/Experiments/Exp9_Social-Stress/proteomics/msdap/variancePartition/data/male.data_microg"
"proteomics","archive/deprecated/02_WGCNAtraitpreservation.r",111,"HISTORICAL_ARCHIVED_SCRIPT","meta_xlsx <- ""S:/Lab_Member/Tobi/Experiments/Exp9_Social-Stress/proteomics/msdap/variancePartition/data/sample_info_micr"
"proteomics","archive/deprecated/02_WGCNAtraitpreservation.r",112,"HISTORICAL_ARCHIVED_SCRIPT","idmap_dat <- ""S:/Lab_Member/Tobi/Experiments/Exp9_Social-Stress/proteomics/Datasets/MOUSE_10090_idmapping.dat"""
"proteomics","archive/deprecated/02_WGCNAtraitpreservation.r",115,"HISTORICAL_ARCHIVED_SCRIPT","manual_map_xlsx <- ""S:/Lab_Member/Tobi/Experiments/Exp9_Social-Stress/proteomics/Datasets/manual_mapping.xlsx"""
"proteomics","archive/deprecated/03_MapThatProt_batch_WGCNAtoClusterProfiler.r",10,"HISTORICAL_ARCHIVED_SCRIPT","working_dir   <- ""S:/Lab_Member/Tobi/Experiments/Exp9_Social-Stress/proteomics/"""
"proteomics","archive/deprecated/04_pcaPlot_v2.r",26,"HISTORICAL_ARCHIVED_SCRIPT","#gct_file   <- ""S:/Lab_Member/Tobi/Experiments/Exp9_Social-Stress/proteomics/msdap/E9_pg_matrix_protigy.gct"""
"proteomics","archive/deprecated/04_pcaPlot_v2.r",27,"HISTORICAL_ARCHIVED_SCRIPT","gct_file <- ""S:/Lab_Member/Tobi/Experiments/Exp9_Social-Stress/proteomics/Datasets/morpheus/20260206_pgmatrix_imputed_ne"
"proteomics","archive/deprecated/04_pcaPlot_v2.r",28,"HISTORICAL_ARCHIVED_SCRIPT","output_dir <- ""S:/Lab_Member/Tobi/Experiments/Exp9_Social-Stress/proteomics/Results/pca_plots"""
"proteomics","archive/deprecated/04_pcaPlot_v2.r",29,"HISTORICAL_ARCHIVED_SCRIPT","#gct_file <- ""S:/Lab_Member/Tobi/Experiments/Collabs/Neha/clusterProfiler/Datasets/gct/data/pg.matrix_filtered_pcaAdjust"
"proteomics","archive/deprecated/04_pcaPlot_v2.r",30,"HISTORICAL_ARCHIVED_SCRIPT","#output_dir <- ""S:/Lab_Member/Tobi/Experiments/Collabs/Neha/clusterProfiler/Results/pca_plots"""
"proteomics","archive/deprecated/05_pcaPlot_v3.r",13,"HISTORICAL_ARCHIVED_SCRIPT","gct_file <- ""S:/Lab_Member/Tobi/Experiments/Exp9_Social-Stress/proteomics/Datasets/morpheus/20260218_pgmatrix_imputed_mi"
"proteomics","archive/deprecated/clusterProfiler_jan2026.r",99,"HISTORICAL_ARCHIVED_SCRIPT","mapped_dir <- ""S:/Lab_Member/Tobi/Experiments/Collabs/Neha/clusterProfiler/Datasets/mapped"""
"proteomics","archive/deprecated/clusterProfiler_jan2026.r",111,"HISTORICAL_ARCHIVED_SCRIPT","working_base <- ""S:/Lab_Member/Tobi/Experiments/Collabs/Neha/clusterProfiler"""
"proteomics","archive/deprecated/clusterProfiler_newest_Sep16.r",164,"HISTORICAL_ARCHIVED_SCRIPT","file_direction <- ""S:/Lab_Member/Tobi/Experiments/Exp9_Social-Stress/proteomics/Datasets/mapped/neuron-regionLayerBaseli"
"proteomics","archive/deprecated/clusterProfiler_newest_Sep16.r",199,"HISTORICAL_ARCHIVED_SCRIPT","working_dir <- ""S:/Lab_Member/Tobi/Experiments/Exp9_Social-Stress/proteomics"""
"proteomics","archive/deprecated/clusterProfiler_newest_Sep16.r",549,"HISTORICAL_ARCHIVED_SCRIPT","modules_dir <- ""S:/Lab_Member/Tobi/Experiments/Exp9_Social-Stress/proteomics/wgcna/output/tables_modules"""
"proteomics","archive/deprecated/clusterProfiler_newest_Sep16.r",596,"HISTORICAL_ARCHIVED_SCRIPT","file_direction <- ""S:/Lab_Member/Tobi/Experiments/Exp9_Social-Stress/proteomics/Datasets/mapped/neuron-regionLayerBaseli"
"proteomics","archive/deprecated/clusterProfiler_newest_Sep16.r",619,"HISTORICAL_ARCHIVED_SCRIPT","working_dir <- ""S:/Lab_Member/Tobi/Experiments/Exp9_Social-Stress/proteomics"""
"proteomics","archive/deprecated/clusterProfiler_newest_Sep16.r",965,"HISTORICAL_ARCHIVED_SCRIPT","modules_dir <- ""S:/Lab_Member/Tobi/Experiments/Exp9_Social-Stress/proteomics/wgcna/output/tables_modules"""
"proteomics","archive/deprecated/clusterProfiler_newest_Sep16.r",1056,"HISTORICAL_ARCHIVED_SCRIPT","file_direction <- ""S:/Lab_Member/Tobi/Experiments/Exp9_Social-Stress/proteomics/Datasets/mapped/neuron-regionLayerBaseli"
"proteomics","archive/deprecated/clusterProfiler_newest_Sep16.r",1082,"HISTORICAL_ARCHIVED_SCRIPT","working_dir <- ""S:/Lab_Member/Tobi/Experiments/Exp9_Social-Stress/proteomics"""
"proteomics","archive/deprecated/clusterProfiler_newest_Sep16.r",1441,"HISTORICAL_ARCHIVED_SCRIPT","modules_dir <- ""S:/Lab_Member/Tobi/Experiments/Exp9_Social-Stress/proteomics/wgcna/output/wgcna_modules_mapped"""
"proteomics","archive/deprecated/clusterProfiler_newest_Sep16.r",1562,"HISTORICAL_ARCHIVED_SCRIPT","file_direction <- paste0(""S:/Lab_Member/Tobi/Experiments/Exp9_Social-Stress/proteomics/Datasets/mapped/"", comparison)"
"proteomics","archive/deprecated/clusterProfiler_newest_Sep16.r",1588,"HISTORICAL_ARCHIVED_SCRIPT","working_dir <- ""S:/Lab_Member/Tobi/Experiments/Exp9_Social-Stress/proteomics"""
"proteomics","archive/deprecated/clusterProfiler_newest_Sep16.r",2063,"HISTORICAL_ARCHIVED_SCRIPT","modules_dir <- ""S:/Lab_Member/Tobi/Experiments/Exp9_Social-Stress/proteomics/wgcna/output/wgcna_modules_mapped"""
"proteomics","archive/deprecated/clusterProfiler_newest_Sep16.r",2090,"HISTORICAL_ARCHIVED_SCRIPT","file_direction <- paste0(""S:/Lab_Member/Tobi/Experiments/Exp9_Social-Stress/proteomics/Datasets/mapped/"", comparison)"
"proteomics","archive/deprecated/clusterProfiler_newest_Sep16.r",2116,"HISTORICAL_ARCHIVED_SCRIPT","working_dir <- ""S:/Lab_Member/Tobi/Experiments/Exp9_Social-Stress/proteomics"""
"proteomics","archive/deprecated/clusterProfiler_newest_Sep16.r",2696,"HISTORICAL_ARCHIVED_SCRIPT","modules_dir <- ""S:/Lab_Member/Tobi/Experiments/Exp9_Social-Stress/proteomics/wgcna/output/wgcna_modules_mapped"""
"proteomics","archive/deprecated/clusterProfiler_newest_Sep16.r",2724,"HISTORICAL_ARCHIVED_SCRIPT","file_direction <- paste0(""S:/Lab_Member/Tobi/Experiments/Exp9_Social-Stress/proteomics/Datasets/mapped/"", comparison)"
"proteomics","archive/deprecated/clusterProfiler_newest_Sep16.r",2750,"HISTORICAL_ARCHIVED_SCRIPT","working_dir <- ""S:/Lab_Member/Tobi/Experiments/Exp9_Social-Stress/proteomics"""
"proteomics","archive/deprecated/clusterProfiler_newest_Sep16.r",3384,"HISTORICAL_ARCHIVED_SCRIPT","modules_dir <- ""S:/Lab_Member/Tobi/Experiments/Exp9_Social-Stress/proteomics/wgcna/output/wgcna_modules_mapped"""
"proteomics","archive/deprecated/clusterProfiler_newest_Sep16.r",3411,"HISTORICAL_ARCHIVED_SCRIPT","file_direction <- paste0(""S:/Lab_Member/Tobi/Experiments/Exp9_Social-Stress/proteomics/Datasets/mapped/"", comparison)"
"proteomics","archive/deprecated/clusterProfiler_newest_Sep16.r",3437,"HISTORICAL_ARCHIVED_SCRIPT","working_dir <- ""S:/Lab_Member/Tobi/Experiments/Exp9_Social-Stress/proteomics"""
"proteomics","archive/deprecated/clusterProfiler_newest_Sep16.r",4078,"HISTORICAL_ARCHIVED_SCRIPT","modules_dir <- ""S:/Lab_Member/Tobi/Experiments/Exp9_Social-Stress/proteomics/wgcna/output/wgcna_modules_mapped"""
"proteomics","archive/deprecated/clusterProfiler_newest_Sep16.r",4107,"HISTORICAL_ARCHIVED_SCRIPT","file_direction <- paste0(""S:/Lab_Member/Tobi/Experiments/Exp9_Social-Stress/proteomics/Datasets/mapped/"", comparison)"
"proteomics","archive/deprecated/clusterProfiler_newest_Sep16.r",4135,"HISTORICAL_ARCHIVED_SCRIPT","working_dir <- ""S:/Lab_Member/Tobi/Experiments/Exp9_Social-Stress/proteomics"""
"proteomics","archive/deprecated/clusterProfiler_newest_Sep16.r",4777,"HISTORICAL_ARCHIVED_SCRIPT","modules_dir <- ""S:/Lab_Member/Tobi/Experiments/Exp9_Social-Stress/proteomics/wgcna/output/wgcna_modules_mapped"""
"proteomics","archive/deprecated/clusterProfiler_newest_Sep16.r",4804,"HISTORICAL_ARCHIVED_SCRIPT","file_direction <- paste0(""S:/Lab_Member/Tobi/Experiments/Exp9_Social-Stress/proteomics/Datasets/mapped/"", comparison)"
"proteomics","archive/deprecated/clusterProfiler_newest_Sep16.r",4830,"HISTORICAL_ARCHIVED_SCRIPT","working_dir <- ""S:/Lab_Member/Tobi/Experiments/Exp9_Social-Stress/proteomics"""
"proteomics","archive/deprecated/clusterProfiler_newest_Sep16.r",5624,"HISTORICAL_ARCHIVED_SCRIPT","modules_dir <- ""S:/Lab_Member/Tobi/Experiments/Exp9_Social-Stress/proteomics/wgcna/output/wgcna_modules_mapped"""
"proteomics","archive/deprecated/clusterProfiler_newest_Sep16.r",5650,"HISTORICAL_ARCHIVED_SCRIPT","file_direction <- paste0(""S:/Lab_Member/Tobi/Experiments/Exp9_Social-Stress/proteomics/Datasets/mapped/"", comparison)"
"proteomics","archive/deprecated/clusterProfiler_newest_Sep16.r",5676,"HISTORICAL_ARCHIVED_SCRIPT","working_dir <- ""S:/Lab_Member/Tobi/Experiments/Exp9_Social-Stress/proteomics"""
"proteomics","archive/deprecated/clusterProfiler_newest_Sep16.r",6472,"HISTORICAL_ARCHIVED_SCRIPT","modules_dir <- ""S:/Lab_Member/Tobi/Experiments/Exp9_Social-Stress/proteomics/wgcna/output/wgcna_modules_mapped"""
"proteomics","archive/deprecated/clusterProfiler_newest_Sep16.r",6498,"HISTORICAL_ARCHIVED_SCRIPT","file_direction <- paste0(""S:/Lab_Member/Tobi/Experiments/Exp9_Social-Stress/proteomics/Datasets/mapped/"", comparison)"
"proteomics","archive/deprecated/clusterProfiler_newest_Sep16.r",6524,"HISTORICAL_ARCHIVED_SCRIPT","working_dir <- ""S:/Lab_Member/Tobi/Experiments/Exp9_Social-Stress/proteomics"""
"proteomics","archive/deprecated/clusterProfiler_newest_Sep16.r",7294,"HISTORICAL_ARCHIVED_SCRIPT","modules_dir <- ""S:/Lab_Member/Tobi/Experiments/Exp9_Social-Stress/proteomics/wgcna/output/wgcna_modules_mapped"""
"proteomics","archive/deprecated/clusterProfiler_newest_Sep16.r",7320,"HISTORICAL_ARCHIVED_SCRIPT","file_direction <- paste0(""S:/Lab_Member/Tobi/Experiments/Exp9_Social-Stress/proteomics/Datasets/mapped/"", comparison)"
"proteomics","archive/deprecated/clusterProfiler_newest_Sep16.r",7346,"HISTORICAL_ARCHIVED_SCRIPT","working_dir <- ""S:/Lab_Member/Tobi/Experiments/Exp9_Social-Stress/proteomics"""
"proteomics","archive/deprecated/clusterProfiler_newest_Sep16.r",8235,"HISTORICAL_ARCHIVED_SCRIPT","modules_dir <- ""S:/Lab_Member/Tobi/Experiments/Exp9_Social-Stress/proteomics/wgcna/output/wgcna_modules_mapped"""
"proteomics","archive/deprecated/clusterProfiler_newest_Sep16.r",8272,"HISTORICAL_ARCHIVED_SCRIPT","file_direction <- paste0(""S:/Lab_Member/Tobi/Experiments/Exp9_Social-Stress/proteomics/Datasets/mapped/"", comparison)"
"proteomics","archive/deprecated/clusterProfiler_newest_Sep16.r",8298,"HISTORICAL_ARCHIVED_SCRIPT","working_dir <- ""S:/Lab_Member/Tobi/Experiments/Exp9_Social-Stress/proteomics"""
"proteomics","archive/deprecated/clusterProfiler_newest_Sep16_CONSOLIDATION_SUMMARY.r",28,"HISTORICAL_ARCHIVED_SCRIPT","root_dir <- ""S:/Lab_Member/Tobi/Experiments/Exp9_Social-Stress/proteomics/Results/neuron-phenotypeWithinUnit"""
"proteomics","archive/deprecated/clusterProfiler_newest_Sep16_CONSOLIDATION_SUMMARY.r",29,"HISTORICAL_ARCHIVED_SCRIPT","out_dir  <- ""S:/Lab_Member/Tobi/Experiments/Exp9_Social-Stress/proteomics/Results/ZZ_consolidated"""
"proteomics","archive/deprecated/clusterProfiler_newest_Sep16_CONSOLIDATION_SUMMARY.r",1563,"HISTORICAL_ARCHIVED_SCRIPT","root_dir <- ""S:/Lab_Member/Tobi/Experiments/Exp9_Social-Stress/proteomics/Results/neuron-phenotypeWithinUnit"""
"proteomics","archive/deprecated/clusterProfiler_newest_Sep16_CONSOLIDATION_SUMMARY.r",1564,"HISTORICAL_ARCHIVED_SCRIPT","out_dir  <- ""S:/Lab_Member/Tobi/Experiments/Exp9_Social-Stress/proteomics/Results/ZZ_consolidated"""
"proteomics","archive/deprecated/clusterProfiler_newest_Sep16_CONSOLIDATION_SUMMARY.r",2999,"HISTORICAL_ARCHIVED_SCRIPT","root_dir <- ""S:/Lab_Member/Tobi/Experiments/Exp9_Social-Stress/proteomics/Results/neuron-phenotypeWithinUnit"""
"proteomics","archive/deprecated/clusterProfiler_newest_Sep16_CONSOLIDATION_SUMMARY.r",3000,"HISTORICAL_ARCHIVED_SCRIPT","out_dir  <- ""S:/Lab_Member/Tobi/Experiments/Exp9_Social-Stress/proteomics/Results/ZZ_consolidated"""
"proteomics","archive/deprecated/clusterProfiler_newest_Sep16_CONSOLIDATION_SUMMARY.r",4281,"HISTORICAL_ARCHIVED_SCRIPT","root_dir <- ""S:/Lab_Member/Tobi/Experiments/Exp9_Social-Stress/proteomics/Results/neuron-phenotypeWithinUnit"""
"proteomics","archive/deprecated/clusterProfiler_newest_Sep16_CONSOLIDATION_SUMMARY.r",4282,"HISTORICAL_ARCHIVED_SCRIPT","out_dir  <- ""S:/Lab_Member/Tobi/Experiments/Exp9_Social-Stress/proteomics/Results/ZZ_consolidated"""
"proteomics","archive/deprecated/compareGO_v2.r",35,"HISTORICAL_ARCHIVED_SCRIPT","#'     ""S:/Lab_Member/Tobi/Experiments/Collabs/Neha/clusterProfiler/Datasets/core_enrichment"""
"proteomics","archive/deprecated/compareGO_v2.r",59,"HISTORICAL_ARCHIVED_SCRIPT","""S:/Lab_Member/Tobi/Experiments/Exp9_Social-Stress/proteomics"","
"proteomics","archive/deprecated/compareGO_v2.r",109,"HISTORICAL_ARCHIVED_SCRIPT","setwd(""S:/Lab_Member/Tobi/Experiments/Exp9_Social-Stress/proteomics"")"
"proteomics","archive/deprecated/compareGO_v2.r",116,"HISTORICAL_ARCHIVED_SCRIPT","path = file.path(""S:/Lab_Member/Tobi/Experiments/Exp9_Social-Stress/proteomics/Datasets/core_enrichment"", ont, ensemble_"
"proteomics","archive/deprecated/compareGO_v2.r",126,"HISTORICAL_ARCHIVED_SCRIPT","output_dir <- file.path(""S:/Lab_Member/Tobi/Experiments/Exp9_Social-Stress/proteomics/Results/compareGO"", ont, ensemble_"
"proteomics","archive/deprecated/compareGO_v2.r",627,"HISTORICAL_ARCHIVED_SCRIPT","base_dir <- ""S:/Lab_Member/Tobi/Experiments/Exp9_Social-Stress/proteomics/Results/core_genes"""
"proteomics","archive/deprecated/compareGO_v2.r",910,"HISTORICAL_ARCHIVED_SCRIPT","#  path = file.path(""S:/Lab_Member/Tobi/Experiments/Collabs/Neha/clusterProfiler/Datasets/mapped"", ensemble_profiling, c"
"proteomics","archive/deprecated/compareGO_v2.r",970,"HISTORICAL_ARCHIVED_SCRIPT","path = file.path(""S:/Lab_Member/Tobi/Experiments/Exp9_Social-Stress/proteomics/Datasets/mapped"", ensemble_profiling, con"
"proteomics","archive/deprecated/compareGO_v2.r",1197,"HISTORICAL_ARCHIVED_SCRIPT","path = file.path(""S:/Lab_Member/Tobi/Experiments/Exp9_Social-Stress/proteomics/Results/Datasets/mapped"", ensemble_profil"
"proteomics","archive/deprecated/compareGO_v2.r",1358,"HISTORICAL_ARCHIVED_SCRIPT","path = file.path(""S:/Lab_Member/Tobi/Experiments/Exp9_Social-Stress/proteomics/Results/Datasets/mapped"", ensemble_profil"
"proteomics","archive/exploratory/WGCNAtraitpreservation.r",18,"HISTORICAL_ARCHIVED_SCRIPT","output_dir <- ""S:/Lab_Member/Tobi/Experiments/Exp9_Social-Stress/proteomics/wgcna/output"""
"proteomics","archive/exploratory/WGCNAtraitpreservation.r",21,"HISTORICAL_ARCHIVED_SCRIPT","expr_xlsx <- ""S:/Lab_Member/Tobi/Experiments/Exp9_Social-Stress/proteomics/msdap/variancePartition/data/male.data.xlsx"""
"proteomics","archive/exploratory/WGCNAtraitpreservation.r",22,"HISTORICAL_ARCHIVED_SCRIPT","meta_xlsx <- ""S:/Lab_Member/Tobi/Experiments/Exp9_Social-Stress/proteomics/msdap/variancePartition/data/sample_info.xlsx"
"proteomics","archive/exploratory/WGCNAtraitpreservation.r",416,"HISTORICAL_ARCHIVED_SCRIPT","output_dir <- ""S:/Lab_Member/Tobi/Experiments/Exp9_Social-Stress/proteomics/wgcna/output"""
"proteomics","archive/exploratory/WGCNAtraitpreservation.r",419,"HISTORICAL_ARCHIVED_SCRIPT","expr_xlsx <- ""S:/Lab_Member/Tobi/Experiments/Exp9_Social-Stress/proteomics/msdap/variancePartition/data/male.data.xlsx"""
"proteomics","archive/exploratory/WGCNAtraitpreservation.r",420,"HISTORICAL_ARCHIVED_SCRIPT","meta_xlsx <- ""S:/Lab_Member/Tobi/Experiments/Exp9_Social-Stress/proteomics/msdap/variancePartition/data/sample_info.xlsx"
"proteomics","archive/exploratory/WGCNAtraitpreservation.r",1266,"HISTORICAL_ARCHIVED_SCRIPT","output_dir <- ""S:/Lab_Member/Tobi/Experiments/Exp9_Social-Stress/proteomics/wgcna/output"""
"proteomics","archive/exploratory/WGCNAtraitpreservation.r",1269,"HISTORICAL_ARCHIVED_SCRIPT","expr_xlsx <- ""S:/Lab_Member/Tobi/Experiments/Exp9_Social-Stress/proteomics/msdap/variancePartition/data/male.data.xlsx"""
"proteomics","archive/exploratory/WGCNAtraitpreservation.r",1270,"HISTORICAL_ARCHIVED_SCRIPT","meta_xlsx <- ""S:/Lab_Member/Tobi/Experiments/Exp9_Social-Stress/proteomics/msdap/variancePartition/data/sample_info.xlsx"
"proteomics","archive/exploratory/WGCNAtraitpreservation.r",1705,"HISTORICAL_ARCHIVED_SCRIPT","output_dir <- ""S:/Lab_Member/Tobi/Experiments/Exp9_Social-Stress/proteomics/wgcna/output"""
"proteomics","archive/exploratory/WGCNAtraitpreservation.r",1732,"HISTORICAL_ARCHIVED_SCRIPT","expr_xlsx <- ""S:/Lab_Member/Tobi/Experiments/Exp9_Social-Stress/proteomics/msdap/variancePartition/data/male.data.xlsx"""
"proteomics","archive/exploratory/WGCNAtraitpreservation.r",1733,"HISTORICAL_ARCHIVED_SCRIPT","meta_xlsx <- ""S:/Lab_Member/Tobi/Experiments/Exp9_Social-Stress/proteomics/msdap/variancePartition/data/sample_info.xlsx"
"proteomics","archive/exploratory/WGCNAtraitpreservation.r",2507,"HISTORICAL_ARCHIVED_SCRIPT","output_dir <- ""S:/Lab_Member/Tobi/Experiments/Exp9_Social-Stress/proteomics/wgcna/output_spsg"""
"proteomics","archive/exploratory/WGCNAtraitpreservation.r",2534,"HISTORICAL_ARCHIVED_SCRIPT","expr_xlsx <- ""S:/Lab_Member/Tobi/Experiments/Exp9_Social-Stress/proteomics/msdap/variancePartition/data/male.data_spsg.x"
"proteomics","archive/exploratory/WGCNAtraitpreservation.r",2535,"HISTORICAL_ARCHIVED_SCRIPT","meta_xlsx <- ""S:/Lab_Member/Tobi/Experiments/Exp9_Social-Stress/proteomics/msdap/variancePartition/data/sample_info_spsg"
"proteomics","archive/exploratory/WGCNAtraitpreservation.r",3132,"HISTORICAL_ARCHIVED_SCRIPT","output_dir <- ""S:/Lab_Member/Tobi/Experiments/Exp9_Social-Stress/proteomics/wgcna/output"""
"proteomics","archive/exploratory/WGCNAtraitpreservation.r",3159,"HISTORICAL_ARCHIVED_SCRIPT","expr_xlsx <- ""S:/Lab_Member/Tobi/Experiments/Exp9_Social-Stress/proteomics/msdap/variancePartition/data/male.data.xlsx"""
"proteomics","archive/exploratory/WGCNAtraitpreservation.r",3160,"HISTORICAL_ARCHIVED_SCRIPT","meta_xlsx <- ""S:/Lab_Member/Tobi/Experiments/Exp9_Social-Stress/proteomics/msdap/variancePartition/data/sample_info.xlsx"
"proteomics","archive/exploratory/chord_diagram.r",12,"HISTORICAL_ARCHIVED_SCRIPT","in_dir  <- ""S:/Lab_Member/Tobi/Experiments/Exp9_Social-Stress/proteomics/Datasets/mapped/neuron-phenotypeWithinUnit"""
"proteomics","archive/exploratory/chord_diagram.r",13,"HISTORICAL_ARCHIVED_SCRIPT","out_dir <- ""S:/Lab_Member/Tobi/Experiments/Exp9_Social-Stress/proteomics/Results/prot_sign"""
"proteomics","archive/exploratory/chord_diagram.r",260,"HISTORICAL_ARCHIVED_SCRIPT","in_dir  <- ""S:/Lab_Member/Tobi/Experiments/Exp9_Social-Stress/proteomics/Datasets/mapped/neuron-phenotypeWithinUnit"""
"proteomics","archive/exploratory/chord_diagram.r",261,"HISTORICAL_ARCHIVED_SCRIPT","out_dir <- ""S:/Lab_Member/Tobi/Experiments/Exp9_Social-Stress/proteomics/Results/prot_sign"""
"proteomics","archive/exploratory/clusterProfilerBatch.r",84,"HISTORICAL_ARCHIVED_SCRIPT","working_dir <- ""S:/Lab_Member/Tobi/Experiments/Collabs/Neha/clusterProfiler"""
"proteomics","archive/exploratory/clusterProfilerBatch.r",94,"HISTORICAL_ARCHIVED_SCRIPT","data_path <- ""S:/Lab_Member/Tobi/Experiments/Collabs/Neha/clusterProfiler/Datasets/mapped"""
"proteomics","archive/exploratory/clusterProfilerBatch.r",210,"HISTORICAL_ARCHIVED_SCRIPT","additional_dir <- file.path(""S:/Lab_Member/Tobi/Experiments/Collabs/Neha/clusterProfiler/Datasets/core_enrichment"", ont)"
"proteomics","archive/exploratory/clusterProfiler_test.r",31,"HISTORICAL_ARCHIVED_SCRIPT","#working_dir <- ""S:/Lab_Member/Tobi/Experiments/Exp3_Nlgn3_development/LaserDissProteomics/GSEA"""
"proteomics","archive/exploratory/clusterProfiler_test.r",32,"HISTORICAL_ARCHIVED_SCRIPT","working_dir <- ""S:/Lab_Member/Tobi/Experiments/Collabs/Neha/clusterProfiler/"""
"proteomics","archive/exploratory/clusterProfiler_v0.0.1.r",40,"HISTORICAL_ARCHIVED_SCRIPT","working_dir <- ""S:/Lab_Member/Tobi/Experiments/Exp3_Nlgn3_development/LaserDissProteomics/GSEA"""
"proteomics","archive/exploratory/clusterProfiler_v2.r",108,"HISTORICAL_ARCHIVED_SCRIPT","file_direction <- ""S:/Lab_Member/Tobi/Experiments/Exp9_Social-Stress/proteomics/Datasets/mapped/neuron-phenotypeWithinUn"
"proteomics","archive/exploratory/clusterProfiler_v2.r",143,"HISTORICAL_ARCHIVED_SCRIPT","working_dir <- ""S:/Lab_Member/Tobi/Experiments/Exp9_Social-Stress/proteomics"""
"proteomics","archive/exploratory/clusterProfiler_v2.r",538,"HISTORICAL_ARCHIVED_SCRIPT","celltype_file <- file.path(""S:/Lab_Member/Tobi/Experiments/Collabs/Neha/clusterProfiler"","
"proteomics","archive/exploratory/clusterProfiler_v2.r",591,"HISTORICAL_ARCHIVED_SCRIPT","gct_file <- ""S:/Lab_Member/Tobi/Experiments/Collabs/Neha/clusterProfiler/Datasets/gct/neha_spatial_group.gct"""
"proteomics","archive/exploratory/clusterProfiler_v2.r",859,"HISTORICAL_ARCHIVED_SCRIPT","file_direction <- ""S:/Lab_Member/Tobi/Experiments/Exp9_Social-Stress/proteomics/Datasets/mapped/neuron-phenotypeWithinUn"
"proteomics","archive/exploratory/clusterProfiler_v2.r",894,"HISTORICAL_ARCHIVED_SCRIPT","working_dir <- ""S:/Lab_Member/Tobi/Experiments/Exp9_Social-Stress/proteomics"""
"proteomics","archive/exploratory/clusterProfiler_v2.r",1170,"HISTORICAL_ARCHIVED_SCRIPT","#celltype_file <- file.path(""S:/Lab_Member/Tobi/Experiments/Collabs/Neha/clusterProfiler"","
"proteomics","archive/exploratory/clusterProfiler_v2.r",1199,"HISTORICAL_ARCHIVED_SCRIPT","#gct_file <- ""S:/Lab_Member/Tobi/Experiments/Collabs/Neha/clusterProfiler/Datasets/gct/neha_spatial_group.gct"""
"proteomics","archive/exploratory/clusterProfiler_v2.r",1404,"HISTORICAL_ARCHIVED_SCRIPT","working_dir <- ""S:/Lab_Member/Tobi/Experiments/Exp9_Social-Stress/proteomics"""
"proteomics","archive/exploratory/clusterProfiler_v2.r",1674,"HISTORICAL_ARCHIVED_SCRIPT","working_dir <- ""S:/Lab_Member/Tobi/Experiments/Exp9_Social-Stress/proteomics"""
"proteomics","archive/exploratory/clusterProfiler_v3.r",53,"HISTORICAL_ARCHIVED_SCRIPT","working_dir  <- ""S:/Lab_Member/Tobi/Experiments/Exp9_Social-Stress/proteomics"""
"proteomics","archive/exploratory/clusterProfiler_v3_test.r",53,"HISTORICAL_ARCHIVED_SCRIPT","working_dir  <- ""S:/Lab_Member/Tobi/Experiments/Exp9_Social-Stress/proteomics"""
"proteomics","archive/exploratory/clusterProfiler_v3_test_2.r",54,"HISTORICAL_ARCHIVED_SCRIPT","working_dir  <- ""S:/Lab_Member/Tobi/Experiments/Exp9_Social-Stress/proteomics"""
"proteomics","archive/exploratory/compareGOBatch.r",32,"HISTORICAL_ARCHIVED_SCRIPT","#'   - CSV files from the directory: ""S:/Lab_Member/Tobi/Experiments/Collabs/Neha/clusterProfiler/Datasets/core_enrichme"
"proteomics","archive/exploratory/compareGOBatch.r",55,"HISTORICAL_ARCHIVED_SCRIPT","""S:/Lab_Member/Tobi/Experiments/Collabs/Neha/clusterProfiler"","
"proteomics","archive/exploratory/compareGOBatch.r",80,"HISTORICAL_ARCHIVED_SCRIPT","setwd(""S:/Lab_Member/Tobi/Experiments/Collabs/Neha/clusterProfiler"")"
"proteomics","archive/exploratory/compareGOBatch.r",83,"HISTORICAL_ARCHIVED_SCRIPT","path = file.path(""S:/Lab_Member/Tobi/Experiments/Collabs/Neha/clusterProfiler/Datasets/core_enrichment"", ont, ensemble_p"
"proteomics","archive/exploratory/compareGOBatch.r",89,"HISTORICAL_ARCHIVED_SCRIPT","output_dir <- file.path(""S:/Lab_Member/Tobi/Experiments/Collabs/Neha/clusterProfiler/Results/compareGO"", ont, ensemble_p"
"proteomics","archive/exploratory/compareGOBatch.r",493,"HISTORICAL_ARCHIVED_SCRIPT","base_dir <- ""S:/Lab_Member/Tobi/Experiments/Collabs/Neha/clusterProfiler/Results/core_genes"""
"proteomics","archive/exploratory/compareGOBatch.r",745,"HISTORICAL_ARCHIVED_SCRIPT","path = file.path(""S:/Lab_Member/Tobi/Experiments/Collabs/Neha/clusterProfiler/Datasets/mapped"", ensemble_profiling, cond"
"proteomics","archive/exploratory/compareGO_reduced.r",35,"HISTORICAL_ARCHIVED_SCRIPT","#'     ""S:/Lab_Member/Tobi/Experiments/Collabs/Neha/clusterProfiler/Datasets/core_enrichment"""
"proteomics","archive/exploratory/compareGO_reduced.r",59,"HISTORICAL_ARCHIVED_SCRIPT","""S:/Lab_Member/Tobi/Experiments/Exp9_Social-Stress/proteomics"","
"proteomics","archive/exploratory/compareGO_reduced.r",109,"HISTORICAL_ARCHIVED_SCRIPT","setwd(""S:/Lab_Member/Tobi/Experiments/Exp9_Social-Stress/proteomics"")"
"proteomics","archive/exploratory/compareGO_reduced.r",116,"HISTORICAL_ARCHIVED_SCRIPT","path = file.path(""S:/Lab_Member/Tobi/Experiments/Exp9_Social-Stress/proteomics/Datasets/core_enrichment"", ont, ensemble_"
"proteomics","archive/exploratory/compareGO_reduced.r",126,"HISTORICAL_ARCHIVED_SCRIPT","output_dir <- file.path(""S:/Lab_Member/Tobi/Experiments/Exp9_Social-Stress/proteomics/Results/compareGO"", ont, ensemble_"
"proteomics","archive/exploratory/compareGO_reduced.r",152,"HISTORICAL_ARCHIVED_SCRIPT","file.path(""S:/Lab_Member/Tobi/Experiments/Exp9_Social-Stress/proteomics/Datasets/core_enrichment"", ont, ensemble_profili"
"proteomics","audits/consumer_inventory/annotate_neuropil_reference.csv",99,"FROZEN_AUDIT_RECORD","""annotate_neuropil_reference"",""pRoteomics"",""tests/testthat/test-clusterprofiler-master-hardening.R"",""139: """"P:/results/t"
"proteomics","audits/consumer_inventory/audit_gsea_protein_direction.csv",92,"FROZEN_AUDIT_RECORD","""audit_gsea_protein_direction"",""pRoteomics"",""tests/testthat/test-clusterprofiler-master-hardening.R"",""139: """"P:/results/"
"proteomics","audits/consumer_inventory/audit_stress_response_biology.csv",145,"FROZEN_AUDIT_RECORD","""audit_stress_response_biology"",""pRoteomics"",""tests/testthat/test-clusterprofiler-master-hardening.R"",""139: """"P:/results"
"proteomics","audits/consumer_inventory/build_go_program_atlas.csv",162,"FROZEN_AUDIT_RECORD","""build_go_program_atlas"",""pRoteomics"",""tests/testthat/test-clusterprofiler-master-hardening.R"",""139: """"P:/results/tables"
"proteomics","audits/consumer_inventory/build_sus_res_dap_atlas.csv",151,"FROZEN_AUDIT_RECORD","""build_sus_res_dap_atlas"",""pRoteomics"",""tests/testthat/test-clusterprofiler-master-hardening.R"",""139: """"P:/results/table"
"proteomics","audits/consumer_inventory/compare_external_stress_signatures.csv",144,"FROZEN_AUDIT_RECORD","""compare_external_stress_signatures"",""pRoteomics"",""tests/testthat/test-clusterprofiler-master-hardening.R"",""139: """"P:/re"
"proteomics","audits/consumer_inventory/compare_go_enrichment.csv",98,"FROZEN_AUDIT_RECORD","""compare_go_enrichment"",""pRoteomics"",""tests/testthat/test-clusterprofiler-master-hardening.R"",""139: """"P:/results/tables/"
"proteomics","audits/consumer_inventory/compare_recurrent_module_proteins.csv",87,"FROZEN_AUDIT_RECORD","""compare_recurrent_module_proteins"",""pRoteomics"",""tests/testthat/test-clusterprofiler-master-hardening.R"",""139: """"P:/res"
"proteomics","audits/consumer_inventory/run_clusterprofiler_enrichment.csv",133,"FROZEN_AUDIT_RECORD","""run_clusterprofiler_enrichment"",""pRoteomics"",""tests/testthat/test-clusterprofiler-master-hardening.R"",""139: """"P:/result"
"proteomics","audits/consumer_inventory/run_clusterprofiler_enrichment.csv",134,"FROZEN_AUDIT_RECORD","""run_clusterprofiler_enrichment"",""pRoteomics"",""tests/testthat/test-clusterprofiler-master-hardening.R"",""75: audit_root <"
"proteomics","audits/consumer_inventory/run_clusterprofiler_enrichment.csv",135,"FROZEN_AUDIT_RECORD","""run_clusterprofiler_enrichment"",""pRoteomics"",""tests/testthat/test-clusterprofiler-master-hardening.R"",""139: """"P:/result"
"proteomics","audits/consumer_inventory/summarize_biological_programs.csv",102,"FROZEN_AUDIT_RECORD","""summarize_biological_programs"",""pRoteomics"",""tests/testthat/test-clusterprofiler-master-hardening.R"",""139: """"P:/results"
"proteomics","audits/consumer_inventory/test_microglia_targeted_signatures.csv",101,"FROZEN_AUDIT_RECORD","""test_microglia_targeted_signatures"",""pRoteomics"",""tests/testthat/test-clusterprofiler-master-hardening.R"",""139: """"P:/re"
"proteomics","audits/consumer_inventory/validate_control_spatial_identity.csv",145,"FROZEN_AUDIT_RECORD","""validate_control_spatial_identity"",""pRoteomics"",""tests/testthat/test-clusterprofiler-master-hardening.R"",""139: """"P:/res"
"proteomics","audits/part29/atlas_completeness.R",11,"FROZEN_AUDIT_RECORD","setwd(""S:/Lab_Member/Tobi/Experiments/Exp9_Social-Stress/Analysis/proteomics"")"
"proteomics","audits/part29/atlas_lineage.R",12,"FROZEN_AUDIT_RECORD","setwd(""S:/Lab_Member/Tobi/Experiments/Exp9_Social-Stress/Analysis/proteomics"")"
"proteomics","audits/part29/atlas_renderer_scale_audit.R",19,"FROZEN_AUDIT_RECORD","setwd(""S:/Lab_Member/Tobi/Experiments/Exp9_Social-Stress/Analysis/proteomics"")"
"proteomics","audits/part29/bh_family_and_fgsea_floor_audit.R",20,"FROZEN_AUDIT_RECORD","setwd(""S:/Lab_Member/Tobi/Experiments/Exp9_Social-Stress/Analysis/proteomics"")"
"proteomics","audits/part29/bh_family_and_fgsea_floor_audit.R",77,"FROZEN_AUDIT_RECORD","unP <- function(p) sub(""^[A-Za-z]:/+"", """", p)   # ""P://results/..."" -> ""results/..."""
"proteomics","audits/part29/camera_feasibility.R",12,"FROZEN_AUDIT_RECORD","setwd(""S:/Lab_Member/Tobi/Experiments/Exp9_Social-Stress/Analysis/proteomics"")"
"proteomics","audits/part29/camera_summaries.R",7,"FROZEN_AUDIT_RECORD","setwd(""S:/Lab_Member/Tobi/Experiments/Exp9_Social-Stress/Analysis/proteomics"")"
"proteomics","audits/part29/canonical_gsea_contract_audit.R",9,"FROZEN_AUDIT_RECORD","setwd(""S:/Lab_Member/Tobi/Experiments/Exp9_Social-Stress/Analysis/proteomics"")"
"proteomics","audits/part29/canonical_gsea_contract_audit.R",32,"FROZEN_AUDIT_RECORD","# this repo root as ""P://..."", i.e. the canonical run mounted the repo on a"
"proteomics","audits/part29/canonical_gsea_contract_audit.R",40,"FROZEN_AUDIT_RECORD","if (dir.exists(""P:/data/processed/04_differential_expression_enrichment"")) {"
"proteomics","audits/part29/canonical_gsea_contract_audit.R",41,"FROZEN_AUDIT_RECORD","SHORT_ROOT <- ""P:/"""
"proteomics","audits/part29/canonical_gsea_contract_audit.R",42,"FROZEN_AUDIT_RECORD","} else if (!dir.exists(""P:/"")) {"
"proteomics","audits/part29/canonical_gsea_contract_audit.R",45,"FROZEN_AUDIT_RECORD","if (dir.exists(""P:/data/processed/04_differential_expression_enrichment"")) {"
"proteomics","audits/part29/canonical_gsea_contract_audit.R",46,"FROZEN_AUDIT_RECORD","SHORT_ROOT <- ""P:/"""
"proteomics","audits/part29/coverage_audit_sections_16_17_18.R",18,"FROZEN_AUDIT_RECORD","setwd(""S:/Lab_Member/Tobi/Experiments/Exp9_Social-Stress/Analysis/proteomics"")"
"proteomics","audits/part29/decisions_and_lineage.R",9,"FROZEN_AUDIT_RECORD","setwd(""S:/Lab_Member/Tobi/Experiments/Exp9_Social-Stress/Analysis/proteomics"")"
"proteomics","audits/part29/duplicate_gene_collapse_audit.R",15,"FROZEN_AUDIT_RECORD","setwd(""S:/Lab_Member/Tobi/Experiments/Exp9_Social-Stress/Analysis/proteomics"")"
"proteomics","audits/part29/duplicate_gene_collapse_audit.R",31,"FROZEN_AUDIT_RECORD","REPO <- ""S:/Lab_Member/Tobi/Experiments/Exp9_Social-Stress/Analysis/proteomics"""
"proteomics","audits/part29/final_atlas_docs.R",8,"FROZEN_AUDIT_RECORD","setwd(""S:/Lab_Member/Tobi/Experiments/Exp9_Social-Stress/Analysis/proteomics"")"
"proteomics","audits/part29/final_atlas_sanity.R",18,"FROZEN_AUDIT_RECORD","setwd(""S:/Lab_Member/Tobi/Experiments/Exp9_Social-Stress/Analysis/proteomics"")"
"proteomics","audits/part29/m11_activate.R",11,"FROZEN_AUDIT_RECORD","setwd(""S:/Lab_Member/Tobi/Experiments/Exp9_Social-Stress/Analysis/proteomics"")"
"proteomics","audits/part29/registry_and_overlap.R",15,"FROZEN_AUDIT_RECORD","setwd(""S:/Lab_Member/Tobi/Experiments/Exp9_Social-Stress/Analysis/proteomics"")"
"proteomics","audits/part29/registry_v3_build.R",21,"FROZEN_AUDIT_RECORD","setwd(""S:/Lab_Member/Tobi/Experiments/Exp9_Social-Stress/Analysis/proteomics"")"
"proteomics","audits/part29/registry_v3_promote.R",10,"FROZEN_AUDIT_RECORD","setwd(""S:/Lab_Member/Tobi/Experiments/Exp9_Social-Stress/Analysis/proteomics"")"
"proteomics","audits/part29/wgcna_registry_final_review.R",59,"FROZEN_AUDIT_RECORD","setwd(""S:/Lab_Member/Tobi/Experiments/Exp9_Social-Stress/Analysis/proteomics"")"
"proteomics","audits/program_evidence/01_build_ledger.R",21,"FROZEN_AUDIT_RECORD","setwd(""S:/Lab_Member/Tobi/Experiments/Exp9_Social-Stress/Analysis/proteomics"")"
"proteomics","audits/program_evidence/02_omitted_recheck.R",14,"FROZEN_AUDIT_RECORD","setwd(""S:/Lab_Member/Tobi/Experiments/Exp9_Social-Stress/Analysis/proteomics"")"
"proteomics","audits/program_evidence/03_review_book.R",11,"FROZEN_AUDIT_RECORD","setwd(""S:/Lab_Member/Tobi/Experiments/Exp9_Social-Stress/Analysis/proteomics"")"
"proteomics","audits/program_evidence/04_rules_and_chromatin.R",16,"FROZEN_AUDIT_RECORD","setwd(""S:/Lab_Member/Tobi/Experiments/Exp9_Social-Stress/Analysis/proteomics"")"
"proteomics","audits/publication_hardening/00_checkpoint.R",102,"FROZEN_AUDIT_RECORD","setwd(""S:/Lab_Member/Tobi/Experiments/Exp9_Social-Stress/Analysis/proteomics"")"
"proteomics","audits/publication_hardening/01_manuscript_contract.R",10,"FROZEN_AUDIT_RECORD","setwd(""S:/Lab_Member/Tobi/Experiments/Exp9_Social-Stress/Analysis/proteomics"")"
"proteomics","audits/publication_hardening/02_statistical_audits.R",10,"FROZEN_AUDIT_RECORD","setwd(""S:/Lab_Member/Tobi/Experiments/Exp9_Social-Stress/Analysis/proteomics"")"
"proteomics","audits/publication_hardening/03_statistical_contract_doc.R",7,"FROZEN_AUDIT_RECORD","setwd(""S:/Lab_Member/Tobi/Experiments/Exp9_Social-Stress/Analysis/proteomics"")"
"proteomics","audits/publication_hardening/04_architecture_inventory.R",11,"FROZEN_AUDIT_RECORD","setwd(""S:/Lab_Member/Tobi/Experiments/Exp9_Social-Stress/Analysis/proteomics"")"
"proteomics","audits/publication_hardening/05_output_and_layer_review.R",10,"FROZEN_AUDIT_RECORD","setwd(""S:/Lab_Member/Tobi/Experiments/Exp9_Social-Stress/Analysis/proteomics"")"
"proteomics","audits/publication_hardening/06_target_structure_and_risk.R",10,"FROZEN_AUDIT_RECORD","setwd(""S:/Lab_Member/Tobi/Experiments/Exp9_Social-Stress/Analysis/proteomics"")"
"proteomics","audits/publication_hardening/07_ph002_language_scan.R",11,"FROZEN_AUDIT_RECORD","setwd(""S:/Lab_Member/Tobi/Experiments/Exp9_Social-Stress/Analysis/proteomics"")"
"proteomics","audits/publication_hardening/08_ph002_delta_audit.R",27,"FROZEN_AUDIT_RECORD","setwd(""S:/Lab_Member/Tobi/Experiments/Exp9_Social-Stress/Analysis/proteomics"")"
"proteomics","audits/publication_hardening/09_verification_state.R",23,"FROZEN_AUDIT_RECORD","setwd(""S:/Lab_Member/Tobi/Experiments/Exp9_Social-Stress/Analysis/proteomics"")"
"proteomics","audits/publication_hardening/10_manuscript_provenance.R",12,"FROZEN_AUDIT_RECORD","setwd(""S:/Lab_Member/Tobi/Experiments/Exp9_Social-Stress/Analysis/proteomics"")"
"proteomics","audits/publication_hardening/11_manuscript_phase2_contracts.R",12,"FROZEN_AUDIT_RECORD","setwd(""S:/Lab_Member/Tobi/Experiments/Exp9_Social-Stress/Analysis/proteomics"")"
"proteomics","audits/publication_hardening/12_manuscript_phase2_reviews.R",8,"FROZEN_AUDIT_RECORD","setwd(""S:/Lab_Member/Tobi/Experiments/Exp9_Social-Stress/Analysis/proteomics"")"
"proteomics","docs/REPOSITORY_NAME_RECOMMENDATION.md",13,"COMMENT_OR_DOC","| Local working directory | `.../Exp9_Social-Stress/Analysis/proteomics` |"
"proteomics","docs/RESTRUCTURE_PLAN.md",160,"COMMENT_OR_DOC","`S:\Lab_Member\Tobi\Experiments\Exp9_Social-Stress\Analysis\Exp9_manuscript`"
"proteomics","tests/testthat/test-clusterprofiler-master-hardening.R",75,"TEST_FIXTURE","audit_root <- ""P:/data/processed/clusterProfiler/protein_group_audits"""
"proteomics","tests/testthat/test-clusterprofiler-master-hardening.R",117,"TEST_FIXTURE","audit_root <- paste0(""P:/"", strrep(""x"", target_root_length - nchar(""P:/"")))"
"proteomics","tests/testthat/test-clusterprofiler-master-hardening.R",136,"TEST_FIXTURE","""shorter project root such as P:\\\\"""
"proteomics","tests/testthat/test-clusterprofiler-master-hardening.R",139,"TEST_FIXTURE","""P:/results/tables/04_differential_expression_enrichment/clusterProfiler/microglia/output.csv"","
"proteomics","tools/audit_active_scripts.R",40,"ACTIVE_RUNTIME_DEPENDENCY","""S:/Lab_Member/Tobi"" = ""S:/Lab_Member/Tobi"","
"Exp9_manuscript","R/vendor/enrichment_io.R",76,"ACTIVE_RUNTIME_DEPENDENCY","""Run the repository from a shorter project root such as P:\\ before launching workers. "","
"Exp9_manuscript","provenance/claims/results_statement_provenance.csv",54,"GENERATED_PROVENANCE","""S1-09"",""Results 1 (Figure 1)"",""against -0.018 for an intercept-only baseline"",""LOAO R2, mean_only baseline"",""-0.0182644"
"Exp9_manuscript","source_data/MMMSociability/figure1_repo_provenance.csv",2,"GENERATED_PROVENANCE","""topohl/MMMSociability (local authoritative)"",""a1042e29b47c6b74e1eb351bfa238be9fb57cf9b"",""main"",""clean"",""Analysis/09_ear"
