"manifest_row","proposed_source","canonical_counterpart","canonical_exists","proposed_sha256","canonical_sha256","byte_identical","proposed_bytes","canonical_bytes","producer","analysis_identity","scope","figure_family","current_export_destination","canonical_currently_exported","adjudication_class"
853,"results/figures/04_differential_expression_enrichment/compareGO_spatial_atlas_validation_proposed/Fig_Compartment_Comparison.svg","results/figures/04_differential_expression_enrichment/compareGO_spatial_atlas/Fig_Compartment_Comparison.svg",TRUE,"ace8840e20f3512f9e6e3f4101d57e9632c849a1138072385a22b0bbbd92df22","ace8840e20f3512f9e6e3f4101d57e9632c849a1138072385a22b0bbbd92df22",TRUE,103885,103885,"analysis/differential_abundance/build_go_program_atlas.R","compareGO_spatial_atlas","compareGO_spatial_atlas_validation_proposed","compareGO_spatial_atlas_validation_proposed","04_differential_expression_enrichment_compareGO_spatial_atlas_validation_proposed_Fig_Compartment_Comparison.svg",TRUE,"REMOVE_PROPOSED_DUPLICATE"
854,"results/figures/04_differential_expression_enrichment/compareGO_spatial_atlas_validation_proposed/Fig_Compartment_Comparison_publication.svg","results/figures/04_differential_expression_enrichment/compareGO_spatial_atlas/Fig_Compartment_Comparison_publication.svg",TRUE,"2a8b9f601682758d84f4b1b244dec6636e160ef4537b867e64174b4ff58b350a","2a8b9f601682758d84f4b1b244dec6636e160ef4537b867e64174b4ff58b350a",TRUE,57528,57528,"analysis/differential_abundance/build_go_program_atlas.R","compareGO_spatial_atlas","compareGO_spatial_atlas_validation_proposed","compareGO_spatial_atlas_validation_proposed","04_differential_expression_enrichment_compareGO_spatial_atlas_validation_proposed_Fig_Compartment_Comparison_publication.svg",TRUE,"REMOVE_PROPOSED_DUPLICATE"
855,"results/figures/04_differential_expression_enrichment/compareGO_spatial_atlas_validation_proposed/Fig_LeadingEdgeDriverRecurrence.svg","results/figures/04_differential_expression_enrichment/compareGO_spatial_atlas/Fig_LeadingEdgeDriverRecurrence.svg",TRUE,"f1a26f17af49a3c5db8271394a8b5ff83ee14294691189b167114858179b9b95","f1a26f17af49a3c5db8271394a8b5ff83ee14294691189b167114858179b9b95",TRUE,441864,441864,"analysis/differential_abundance/build_go_program_atlas.R","compareGO_spatial_atlas","compareGO_spatial_atlas_validation_proposed","compareGO_spatial_atlas_validation_proposed","04_differential_expression_enrichment_compareGO_spatial_atlas_validation_proposed_Fig_LeadingEdgeDriverRecurrence.svg",TRUE,"REMOVE_PROPOSED_DUPLICATE"
856,"results/figures/04_differential_expression_enrichment/compareGO_spatial_atlas_validation_proposed/Fig_LeadingEdgeDriverRecurrence_topdrivers_publication.svg","results/figures/04_differential_expression_enrichment/compareGO_spatial_atlas/Fig_LeadingEdgeDriverRecurrence_topdrivers_publication.svg",TRUE,"eb09803497835f815ca675831142e4d4d94a9e843bdd03d310162a1676ff6b32","eb09803497835f815ca675831142e4d4d94a9e843bdd03d310162a1676ff6b32",TRUE,17154,17154,"analysis/differential_abundance/build_go_program_atlas.R","compareGO_spatial_atlas","compareGO_spatial_atlas_validation_proposed","compareGO_spatial_atlas_validation_proposed","04_differential_expression_enrichment_compareGO_spatial_atlas_validation_proposed_Fig_LeadingEdgeDriverRecurrence_topdrive_ff62d015bf.svg",TRUE,"REMOVE_PROPOSED_DUPLICATE"
857,"results/figures/04_differential_expression_enrichment/compareGO_spatial_atlas_validation_proposed/Fig_RES_SUS_divergence.svg","results/figures/04_differential_expression_enrichment/compareGO_spatial_atlas/Fig_RES_SUS_divergence.svg",TRUE,"795889ff6afd3c669471d185f2d341745a7dfd02115769229b0aab03531cfb0b","795889ff6afd3c669471d185f2d341745a7dfd02115769229b0aab03531cfb0b",TRUE,136831,136831,"analysis/differential_abundance/build_go_program_atlas.R","compareGO_spatial_atlas","compareGO_spatial_atlas_validation_proposed","compareGO_spatial_atlas_validation_proposed","04_differential_expression_enrichment_compareGO_spatial_atlas_validation_proposed_Fig_RES_SUS_divergence.svg",TRUE,"REMOVE_PROPOSED_DUPLICATE"
858,"results/figures/04_differential_expression_enrichment/compareGO_spatial_atlas_validation_proposed/Fig_RES_SUS_divergence_publication.svg","results/figures/04_differential_expression_enrichment/compareGO_spatial_atlas/Fig_RES_SUS_divergence_publication.svg",TRUE,"cd1d2d44efa84b1d31e984d3fed3bb5ea0a1074a7b1c08e4cb25a190ee78da81","7039cea38c1e7b1808897af66e298e40f8ee8451ea3664224d368a654e0f811b",FALSE,43462,43462,"analysis/differential_abundance/build_go_program_atlas.R","compareGO_spatial_atlas","compareGO_spatial_atlas_validation_proposed","compareGO_spatial_atlas_validation_proposed","04_differential_expression_enrichment_compareGO_spatial_atlas_validation_proposed_Fig_RES_SUS_divergence_publication.svg",TRUE,"REMOVE_PROPOSED_NONDETERMINISTIC_PLACEMENT"
859,"results/figures/04_differential_expression_enrichment/compareGO_spatial_atlas_validation_proposed/Fig_SpatialProgramAtlas_dotheatmap.svg","results/figures/04_differential_expression_enrichment/compareGO_spatial_atlas/Fig_SpatialProgramAtlas_dotheatmap.svg",TRUE,"f4aeddb797371eb5ec79436b0c025acf8993ef2dfb37477ea8ba4529d2b56f4c","f4aeddb797371eb5ec79436b0c025acf8993ef2dfb37477ea8ba4529d2b56f4c",TRUE,153181,153181,"analysis/differential_abundance/build_go_program_atlas.R","compareGO_spatial_atlas","compareGO_spatial_atlas_validation_proposed","compareGO_spatial_atlas_validation_proposed","04_differential_expression_enrichment_compareGO_spatial_atlas_validation_proposed_Fig_SpatialProgramAtlas_dotheatmap.svg",TRUE,"REMOVE_PROPOSED_DUPLICATE"
860,"results/figures/04_differential_expression_enrichment/compareGO_spatial_atlas_validation_proposed/Fig_SpatialProgramAtlas_dotheatmap_publication.svg","results/figures/04_differential_expression_enrichment/compareGO_spatial_atlas/Fig_SpatialProgramAtlas_dotheatmap_publication.svg",TRUE,"a578f375ce3e5ff35e281503d20967b41ea6296876d2500e08e670854cc95a27","a578f375ce3e5ff35e281503d20967b41ea6296876d2500e08e670854cc95a27",TRUE,86046,86046,"analysis/differential_abundance/build_go_program_atlas.R","compareGO_spatial_atlas","compareGO_spatial_atlas_validation_proposed","compareGO_spatial_atlas_validation_proposed","04_differential_expression_enrichment_compareGO_spatial_atlas_validation_proposed_Fig_SpatialProgramAtlas_dotheatmap_publication.svg",TRUE,"REMOVE_PROPOSED_DUPLICATE"
861,"results/figures/04_differential_expression_enrichment/compareGO_spatial_atlas_validation_proposed/Fig_SpatialProgramAtlas_neuropil_focus_publication.svg","results/figures/04_differential_expression_enrichment/compareGO_spatial_atlas/Fig_SpatialProgramAtlas_neuropil_focus_publication.svg",TRUE,"3dc1f5a1a29717c71c92402969261ca6245f25b841a55af542a0006a9d4277c7","3dc1f5a1a29717c71c92402969261ca6245f25b841a55af542a0006a9d4277c7",TRUE,41579,41579,"analysis/differential_abundance/build_go_program_atlas.R","compareGO_spatial_atlas","compareGO_spatial_atlas_validation_proposed","compareGO_spatial_atlas_validation_proposed","04_differential_expression_enrichment_compareGO_spatial_atlas_validation_proposed_Fig_SpatialProgramAtlas_neuropil_focus_publication.svg",TRUE,"REMOVE_PROPOSED_DUPLICATE"
862,"results/figures/04_differential_expression_enrichment/compareGO_spatial_atlas_validation_proposed/Fig_SpatialProgramAtlas_SUS_vs_RES_publication.svg","results/figures/04_differential_expression_enrichment/compareGO_spatial_atlas/Fig_SpatialProgramAtlas_SUS_vs_RES_publication.svg",TRUE,"d2fe791c273890a009537d5ad4f38383668d684a27c9caf97b30a88d740bf22b","d2fe791c273890a009537d5ad4f38383668d684a27c9caf97b30a88d740bf22b",TRUE,39255,39255,"analysis/differential_abundance/build_go_program_atlas.R","compareGO_spatial_atlas","compareGO_spatial_atlas_validation_proposed","compareGO_spatial_atlas_validation_proposed","04_differential_expression_enrichment_compareGO_spatial_atlas_validation_proposed_Fig_SpatialProgramAtlas_SUS_vs_RES_publication.svg",TRUE,"REMOVE_PROPOSED_DUPLICATE"
886,"results/figures/04_differential_expression_enrichment/microglia_targeted_signature_enrichment/microglia_validation_proposed/supplementary_qc/microglia_signature_classification_barplot.svg","results/figures/04_differential_expression_enrichment/microglia_targeted_signature_enrichment/microglia/supplementary_qc/microglia_signature_classification_barplot.svg",TRUE,"18f54feea3a8272905f5a769a04edabe7522ee77113cabe9e218f5d77fb3352f","18f54feea3a8272905f5a769a04edabe7522ee77113cabe9e218f5d77fb3352f",TRUE,4650,4650,"analysis/differential_abundance/test_microglia_targeted_signatures.R","microglia_targeted_signature_enrichment","microglia_validation_proposed","supplementary_qc","04_differential_expression_enrichment_microglia_targeted_signature_enrichment_microglia_validation_proposed_supplementary__70c9120fe1.svg",TRUE,"REMOVE_PROPOSED_DUPLICATE"
887,"results/figures/04_differential_expression_enrichment/microglia_targeted_signature_enrichment/microglia_validation_proposed/supplementary_qc/microglia_signature_contrast_class_overview.svg","results/figures/04_differential_expression_enrichment/microglia_targeted_signature_enrichment/microglia/supplementary_qc/microglia_signature_contrast_class_overview.svg",TRUE,"436f64261b5b0b0484210f21e6070009097740b245823bd5aded26181e24731b","436f64261b5b0b0484210f21e6070009097740b245823bd5aded26181e24731b",TRUE,5320,5320,"analysis/differential_abundance/test_microglia_targeted_signatures.R","microglia_targeted_signature_enrichment","microglia_validation_proposed","supplementary_qc","04_differential_expression_enrichment_microglia_targeted_signature_enrichment_microglia_validation_proposed_supplementary__3deb8ff262.svg",TRUE,"REMOVE_PROPOSED_DUPLICATE"
888,"results/figures/04_differential_expression_enrichment/microglia_targeted_signature_enrichment/microglia_validation_proposed/supplementary_qc/microglia_signature_dotplot.svg","results/figures/04_differential_expression_enrichment/microglia_targeted_signature_enrichment/microglia/supplementary_qc/microglia_signature_dotplot.svg",TRUE,"7103bb42255668c99a4d9d5b929b7d1ebb6e8c9a14d374f250834d5b63222c94","7103bb42255668c99a4d9d5b929b7d1ebb6e8c9a14d374f250834d5b63222c94",TRUE,16198,16198,"analysis/differential_abundance/test_microglia_targeted_signatures.R","microglia_targeted_signature_enrichment","microglia_validation_proposed","supplementary_qc","04_differential_expression_enrichment_microglia_targeted_signature_enrichment_microglia_validation_proposed_supplementary__e3f04361d5.svg",TRUE,"REMOVE_PROPOSED_DUPLICATE"
889,"results/figures/04_differential_expression_enrichment/microglia_targeted_signature_enrichment/microglia_validation_proposed/supplementary_qc/microglia_signature_leading_edge_recurrence.svg","results/figures/04_differential_expression_enrichment/microglia_targeted_signature_enrichment/microglia/supplementary_qc/microglia_signature_leading_edge_recurrence.svg",TRUE,"9bbcf0591b0c182b7386cbade455d7084b2f785360154deddc46370ed2e82981","9bbcf0591b0c182b7386cbade455d7084b2f785360154deddc46370ed2e82981",TRUE,13422,13422,"analysis/differential_abundance/test_microglia_targeted_signatures.R","microglia_targeted_signature_enrichment","microglia_validation_proposed","supplementary_qc","04_differential_expression_enrichment_microglia_targeted_signature_enrichment_microglia_validation_proposed_supplementary__316add8198.svg",TRUE,"REMOVE_PROPOSED_DUPLICATE"
890,"results/figures/04_differential_expression_enrichment/microglia_targeted_signature_enrichment/microglia_validation_proposed/supplementary_qc/microglia_signature_neuropil_delta_top.svg","results/figures/04_differential_expression_enrichment/microglia_targeted_signature_enrichment/microglia/supplementary_qc/microglia_signature_neuropil_delta_top.svg",TRUE,"717a9da1ba2d6c0645b05905508c262dd5f462163dd664805d6f38fc5f665340","717a9da1ba2d6c0645b05905508c262dd5f462163dd664805d6f38fc5f665340",TRUE,18737,18737,"analysis/differential_abundance/test_microglia_targeted_signatures.R","microglia_targeted_signature_enrichment","microglia_validation_proposed","supplementary_qc","04_differential_expression_enrichment_microglia_targeted_signature_enrichment_microglia_validation_proposed_supplementary__b6c2f05c17.svg",TRUE,"REMOVE_PROPOSED_DUPLICATE"
891,"results/figures/04_differential_expression_enrichment/microglia_targeted_signature_enrichment/microglia_validation_proposed/supplementary_qc/microglia_vs_neuropil_signature_NES_scatter.svg","results/figures/04_differential_expression_enrichment/microglia_targeted_signature_enrichment/microglia/supplementary_qc/microglia_vs_neuropil_signature_NES_scatter.svg",TRUE,"1489068f5edfa8a17c976a058b6ebe613a00ff31a3592ea5092d783d94d01295","1489068f5edfa8a17c976a058b6ebe613a00ff31a3592ea5092d783d94d01295",TRUE,24248,24248,"analysis/differential_abundance/test_microglia_targeted_signatures.R","microglia_targeted_signature_enrichment","microglia_validation_proposed","supplementary_qc","04_differential_expression_enrichment_microglia_targeted_signature_enrichment_microglia_validation_proposed_supplementary__6cae0217fa.svg",TRUE,"REMOVE_PROPOSED_DUPLICATE"
