"old_path","new_path","expected_extension","source_of_truth","disambiguated","old_sha256","new_sha256","same_hash","old_bytes","new_bytes","same_size","new_name_chars","renamed"
"pride_submission/supplementary_tables/results_source_data_04_differential_expression_enrichment_all_source_data_Compartment_Comparison","pride_submission/supplementary_tables/results_source_data_04_differential_expression_enrichment_all_source_data_Compartment_Compar.csv",".csv","results/source_data/04_differential_expression_enrichment/compareGO_spatial_atlas/source_data_Compartment_Comparison_publication.csv",FALSE,"4b5c96b7f60df6797ab0e861b3042dab70757d5b8feff12747ecfe8d680c9239","4b5c96b7f60df6797ab0e861b3042dab70757d5b8feff12747ecfe8d680c9239",TRUE,6655,6655,TRUE,96,TRUE
"pride_submission/supplementary_tables/results_source_data_04_differential_expression_enrichment_all_source_data_LeadingEdgeDriverRecur","pride_submission/supplementary_tables/results_source_data_04_differential_expression_enrichment_all_source_data_LeadingEdgeDriverR.csv",".csv","results/source_data/04_differential_expression_enrichment/compareGO_spatial_atlas/source_data_LeadingEdgeDriverRecurrence_topdrivers_publication.csv",FALSE,"1cd84def8b1b33771f060030c97e9005500a747d26c166d817b26ad08ceaf0ed","1cd84def8b1b33771f060030c97e9005500a747d26c166d817b26ad08ceaf0ed",TRUE,6236,6236,TRUE,96,TRUE
"pride_submission/supplementary_tables/results_source_data_04_differential_expression_enrichment_all_source_data_RES_SUS_divergence_pub","pride_submission/supplementary_tables/results_source_data_04_differential_expression_enrichment_all_source_data_RES_SUS_divergence.csv",".csv","results/source_data/04_differential_expression_enrichment/compareGO_spatial_atlas/source_data_RES_SUS_divergence_publication.csv",FALSE,"979c489c6c620a5047dd05435389460225e35fc2dbded21bfbdd6b212c93fe24","979c489c6c620a5047dd05435389460225e35fc2dbded21bfbdd6b212c93fe24",TRUE,60566,60566,TRUE,96,TRUE
"pride_submission/supplementary_tables/results_source_data_04_differential_expression_enrichment_all_source_data_SpatialProgramAtlas_ne","pride_submission/supplementary_tables/results_source_data_04_differential_expression_enrichment_all_source_data_SpatialP__99e00949.csv",".csv","results/source_data/04_differential_expression_enrichment/compareGO_spatial_atlas/source_data_SpatialProgramAtlas_neuropil_focus_publication.csv",TRUE,"ec5eb26912fbc8ec909469a999738b4e253166ea876b80d644dee2c84f9f2893","ec5eb26912fbc8ec909469a999738b4e253166ea876b80d644dee2c84f9f2893",TRUE,156820,156820,TRUE,96,TRUE
"pride_submission/supplementary_tables/results_source_data_04_differential_expression_enrichment_all_source_data_SpatialProgramAtlas_pu","pride_submission/supplementary_tables/results_source_data_04_differential_expression_enrichment_all_source_data_SpatialP__425de73d.csv",".csv","results/source_data/04_differential_expression_enrichment/compareGO_spatial_atlas/source_data_SpatialProgramAtlas_publication.csv",TRUE,"e38fe9c36dee118b7864112be3812e42ae6c238f62520e37b7536f8d08cbd40c","e38fe9c36dee118b7864112be3812e42ae6c238f62520e37b7536f8d08cbd40c",TRUE,277322,277322,TRUE,96,TRUE
"pride_submission/supplementary_tables/results_tables_04_differential_expression_enrichment_all_empirical_microglia_enriched___049e4d3a","pride_submission/supplementary_tables/results_tables_04_differential_expression_enrichment_all_empirical_microglia_enric__049e4d3a.csv",".csv","results/tables/04_differential_expression_enrichment/microglia_targeted_signature_enrichment/microglia/empirical_microglia_enriched_signature.csv",FALSE,"e098a11ca20c6cb30ce1cc9d76f798f9b196b22a453590244e8211e96c72c985","e098a11ca20c6cb30ce1cc9d76f798f9b196b22a453590244e8211e96c72c985",TRUE,62572,62572,TRUE,96,TRUE
"pride_submission/supplementary_tables/results_tables_04_differential_expression_enrichment_all_empirical_microglia_enriched___c805a509","pride_submission/supplementary_tables/results_tables_04_differential_expression_enrichment_all_empirical_microglia_enric__c805a509.csv",".csv","results/tables/04_differential_expression_enrichment/microglia_targeted_signature_enrichment/neuron_soma/empirical_microglia_enriched_signature.csv",FALSE,"dfd79636ea270abeaa5b0f6175148341836c55c6e9b91cc9573fc6318c569e5f","dfd79636ea270abeaa5b0f6175148341836c55c6e9b91cc9573fc6318c569e5f",TRUE,80,80,TRUE,96,TRUE
"pride_submission/supplementary_tables/results_tables_04_differential_expression_enrichment_all_empirical_microglia_signature__09072610","pride_submission/supplementary_tables/results_tables_04_differential_expression_enrichment_all_empirical_microglia_signa__09072610.csv",".csv","results/tables/04_differential_expression_enrichment/microglia_targeted_signature_enrichment/microglia/empirical_microglia_signature_diagnostics.csv",FALSE,"faaf58dfa6023e9963263460041d0c4113c98b90805f2ea3a26c5f2a04e9c9a2","faaf58dfa6023e9963263460041d0c4113c98b90805f2ea3a26c5f2a04e9c9a2",TRUE,135,135,TRUE,96,TRUE
"pride_submission/supplementary_tables/results_tables_04_differential_expression_enrichment_all_empirical_microglia_signature__97349f7f","pride_submission/supplementary_tables/results_tables_04_differential_expression_enrichment_all_empirical_microglia_signa__97349f7f.csv",".csv","results/tables/04_differential_expression_enrichment/microglia_targeted_signature_enrichment/neuron_soma/empirical_microglia_signature_diagnostics.csv",FALSE,"dfd79636ea270abeaa5b0f6175148341836c55c6e9b91cc9573fc6318c569e5f","dfd79636ea270abeaa5b0f6175148341836c55c6e9b91cc9573fc6318c569e5f",TRUE,80,80,TRUE,96,TRUE
"pride_submission/supplementary_tables/results_tables_04_differential_expression_enrichment_all_microglia_signature_cross_region_cross_","pride_submission/supplementary_tables/results_tables_04_differential_expression_enrichment_all_microglia_signature_cross_region_cr.csv",".csv","results/tables/04_differential_expression_enrichment/microglia_targeted_signature_enrichment/microglia_validation_proposed/microglia_signature_cross_region_cross_condition.csv",FALSE,"9be441ee05a15e2f0c3f21c4d90e879225158a3666f906cc55f98310025d4349","9be441ee05a15e2f0c3f21c4d90e879225158a3666f906cc55f98310025d4349",TRUE,480411,480411,TRUE,96,TRUE
"pride_submission/supplementary_tables/results_tables_04_differential_expression_enrichment_all_microglia_signature_cross_region_same_c","pride_submission/supplementary_tables/results_tables_04_differential_expression_enrichment_all_microglia_signature_cross_region_sa.csv",".csv","results/tables/04_differential_expression_enrichment/microglia_targeted_signature_enrichment/microglia_validation_proposed/microglia_signature_cross_region_same_condition.csv",FALSE,"0142a07b55f3faae5e175f4faabf37b46576814985319611805a077290fe8004","0142a07b55f3faae5e175f4faabf37b46576814985319611805a077290fe8004",TRUE,241835,241835,TRUE,96,TRUE
"pride_submission/supplementary_tables/results_tables_04_differential_expression_enrichment_all_microglia_signature_direction_summary.c","pride_submission/supplementary_tables/results_tables_04_differential_expression_enrichment_all_microglia_signature_direction_summa.csv",".csv","results/tables/04_differential_expression_enrichment/microglia_targeted_signature_enrichment/microglia_validation_proposed/microglia_signature_direction_summary.csv",FALSE,"829c728112c49a37c1abc9aa35ce8f8334d4b112ca40da280fc1c2065607231e","829c728112c49a37c1abc9aa35ce8f8334d4b112ca40da280fc1c2065607231e",TRUE,1919,1919,TRUE,96,TRUE
"pride_submission/supplementary_tables/results_tables_04_differential_expression_enrichment_all_microglia_signature_enrichmen__022b1ccc","pride_submission/supplementary_tables/results_tables_04_differential_expression_enrichment_all_microglia_signature_enric__022b1ccc.csv",".csv","results/tables/04_differential_expression_enrichment/microglia_targeted_signature_enrichment/neuron_soma/microglia_signature_enrichment_summary.csv",FALSE,"dfd79636ea270abeaa5b0f6175148341836c55c6e9b91cc9573fc6318c569e5f","dfd79636ea270abeaa5b0f6175148341836c55c6e9b91cc9573fc6318c569e5f",TRUE,80,80,TRUE,96,TRUE
"pride_submission/supplementary_tables/results_tables_04_differential_expression_enrichment_all_microglia_signature_enrichmen__1244aa35","pride_submission/supplementary_tables/results_tables_04_differential_expression_enrichment_all_microglia_signature_enric__1244aa35.csv",".csv","results/tables/04_differential_expression_enrichment/microglia_targeted_signature_enrichment/neuron_soma/microglia_signature_enrichment_with_neuropil_reference.csv",FALSE,"dfd79636ea270abeaa5b0f6175148341836c55c6e9b91cc9573fc6318c569e5f","dfd79636ea270abeaa5b0f6175148341836c55c6e9b91cc9573fc6318c569e5f",TRUE,80,80,TRUE,96,TRUE
"pride_submission/supplementary_tables/results_tables_04_differential_expression_enrichment_all_microglia_signature_enrichmen__3ec3c4fd","pride_submission/supplementary_tables/results_tables_04_differential_expression_enrichment_all_microglia_signature_enric__3ec3c4fd.csv",".csv","results/tables/04_differential_expression_enrichment/microglia_targeted_signature_enrichment/microglia/microglia_signature_enrichment_summary.csv",FALSE,"e51eab6a0cb50544f14dc20df4effa71639905d7b7b1b825c21e135207991f7b","e51eab6a0cb50544f14dc20df4effa71639905d7b7b1b825c21e135207991f7b",TRUE,6284,6284,TRUE,96,TRUE
"pride_submission/supplementary_tables/results_tables_04_differential_expression_enrichment_all_microglia_signature_enrichmen__96e19466","pride_submission/supplementary_tables/results_tables_04_differential_expression_enrichment_all_microglia_signature_enric__96e19466.csv",".csv","results/tables/04_differential_expression_enrichment/microglia_targeted_signature_enrichment/microglia/microglia_signature_enrichment_with_neuropil_reference.csv",FALSE,"2bb7d91187ffe58674dc69808becb8cbf914a1d1bffca7bbb0b2c31d442a3fd7","2bb7d91187ffe58674dc69808becb8cbf914a1d1bffca7bbb0b2c31d442a3fd7",TRUE,759697,759697,TRUE,96,TRUE
"pride_submission/supplementary_tables/results_tables_04_differential_expression_enrichment_all_microglia_signature_enrichment_with_con","pride_submission/supplementary_tables/results_tables_04_differential_expression_enrichment_all_microglia_signature_enrichment_with.csv",".csv","results/tables/04_differential_expression_enrichment/microglia_targeted_signature_enrichment/microglia_validation_proposed/microglia_signature_enrichment_with_contrast_class.csv",FALSE,"c5a38660d022f8e25e6b06628aed487894ea2a61cf07beddc914350176f7ce2c","c5a38660d022f8e25e6b06628aed487894ea2a61cf07beddc914350176f7ce2c",TRUE,880593,880593,TRUE,96,TRUE
"pride_submission/supplementary_tables/results_tables_04_differential_expression_enrichment_all_microglia_signature_interpretation_summ","pride_submission/supplementary_tables/results_tables_04_differential_expression_enrichment_all_microglia_signature_interpretation_.csv",".csv","results/tables/04_differential_expression_enrichment/microglia_targeted_signature_enrichment/microglia_validation_proposed/microglia_signature_interpretation_summary.csv",FALSE,"e3345382b7b79a7e3d5c6a67d2117f0474797a3f284848706bed16ae7892c0a8","e3345382b7b79a7e3d5c6a67d2117f0474797a3f284848706bed16ae7892c0a8",TRUE,8810,8810,TRUE,96,TRUE
"pride_submission/supplementary_tables/results_tables_04_differential_expression_enrichment_all_microglia_signature_leading_edge_recurr","pride_submission/supplementary_tables/results_tables_04_differential_expression_enrichment_all_microglia_signature_leading_edge_re.csv",".csv","results/tables/04_differential_expression_enrichment/microglia_targeted_signature_enrichment/microglia_validation_proposed/microglia_signature_leading_edge_recurrence.csv",FALSE,"821a76a1c2011e72133459dd45c59a67bc660c7240e902e4189b89983526dc05","821a76a1c2011e72133459dd45c59a67bc660c7240e902e4189b89983526dc05",TRUE,3658926,3658926,TRUE,96,TRUE
"pride_submission/supplementary_tables/results_tables_04_differential_expression_enrichment_all_microglia_signature_regional_pooled_sum","pride_submission/supplementary_tables/results_tables_04_differential_expression_enrichment_all_microglia_signature_regional_pooled.csv",".csv","results/tables/04_differential_expression_enrichment/microglia_targeted_signature_enrichment/microglia_validation_proposed/microglia_signature_regional_pooled_summary.csv",FALSE,"f17b7292f95533421d29d9cb2b51bf73dab9424caa20f9ed9208fa69ac98961a","f17b7292f95533421d29d9cb2b51bf73dab9424caa20f9ed9208fa69ac98961a",TRUE,22007,22007,TRUE,96,TRUE
"pride_submission/supplementary_tables/results_tables_04_differential_expression_enrichment_all_microglia_signature_unclassified_techni","pride_submission/supplementary_tables/results_tables_04_differential_expression_enrichment_all_microglia_signature_unclassified_te.csv",".csv","results/tables/04_differential_expression_enrichment/microglia_targeted_signature_enrichment/microglia_validation_proposed/microglia_signature_unclassified_technical.csv",FALSE,"5783ada3e5f3593b97c9d0955052471a874f6084e5cd0a49cd1b22b01b398082","5783ada3e5f3593b97c9d0955052471a874f6084e5cd0a49cd1b22b01b398082",TRUE,995,995,TRUE,96,TRUE
"pride_submission/supplementary_tables/results_tables_04_differential_expression_enrichment_all_microglia_signature_within_region_condi","pride_submission/supplementary_tables/results_tables_04_differential_expression_enrichment_all_microglia_signature_within_region_c.csv",".csv","results/tables/04_differential_expression_enrichment/microglia_targeted_signature_enrichment/microglia_validation_proposed/microglia_signature_within_region_condition.csv",FALSE,"c7d4afb69d3eff46d11a0437efe0691509147ed9b2b20dd673fdf4a07dcc5c1a","c7d4afb69d3eff46d11a0437efe0691509147ed9b2b20dd673fdf4a07dcc5c1a",TRUE,160337,160337,TRUE,96,TRUE
"pride_submission/supplementary_tables/results_tables_04_differential_expression_enrichment_all_program_summary_integrated_in__6ff76cd4","pride_submission/supplementary_tables/results_tables_04_differential_expression_enrichment_all_program_summary_integrate__6ff76cd4.csv",".csv","results/tables/04_differential_expression_enrichment/biological_program_summary/microglia/program_summary_integrated_interpretation.csv",FALSE,"d419dcd0a93971576f1d33b522819d0c5e6a891e9d0c0a80a17483169ed5ee8d","d419dcd0a93971576f1d33b522819d0c5e6a891e9d0c0a80a17483169ed5ee8d",TRUE,151903,151903,TRUE,96,TRUE
"pride_submission/supplementary_tables/results_tables_04_differential_expression_enrichment_all_program_summary_integrated_in__9e815bc3","pride_submission/supplementary_tables/results_tables_04_differential_expression_enrichment_all_program_summary_integrate__9e815bc3.csv",".csv","results/tables/04_differential_expression_enrichment/biological_program_summary/neuron_soma/program_summary_integrated_interpretation.csv",FALSE,"2098073d4938df12b588adf9a4b5201dbe612823deb08d3ac5f85476a54833e8","2098073d4938df12b588adf9a4b5201dbe612823deb08d3ac5f85476a54833e8",TRUE,113679,113679,TRUE,96,TRUE
"pride_submission/supplementary_tables/results_tables_04_differential_expression_enrichment_all_program_summary_microglia_sig__14c5db0a","pride_submission/supplementary_tables/results_tables_04_differential_expression_enrichment_all_program_summary_microglia__14c5db0a.csv",".csv","results/tables/04_differential_expression_enrichment/biological_program_summary/neuron_soma/program_summary_microglia_signature_annotated.csv",FALSE,"69106d16dece625c0e644081ddc88a23fa4af119b28154257fd97aeeb7412e5c","69106d16dece625c0e644081ddc88a23fa4af119b28154257fd97aeeb7412e5c",TRUE,98706,98706,TRUE,96,TRUE
"pride_submission/supplementary_tables/results_tables_04_differential_expression_enrichment_all_program_summary_microglia_sig__e6100c9b","pride_submission/supplementary_tables/results_tables_04_differential_expression_enrichment_all_program_summary_microglia__e6100c9b.csv",".csv","results/tables/04_differential_expression_enrichment/biological_program_summary/microglia/program_summary_microglia_signature_annotated.csv",FALSE,"1e18cfebd63e33df590390f5265eaebb5f036f9ff7963ce75bb7201efd101e6d","1e18cfebd63e33df590390f5265eaebb5f036f9ff7963ce75bb7201efd101e6d",TRUE,119731,119731,TRUE,96,TRUE
"pride_submission/supplementary_tables/results_tables_04_differential_expression_enrichment_microglia_empirical_microglia_enriched_sign","pride_submission/supplementary_tables/results_tables_04_differential_expression_enrichment_microglia_empirical_microglia_enriched_.csv",".csv","results/tables/04_differential_expression_enrichment/microglia_targeted_signature_enrichment/microglia/empirical_microglia_enriched_signature.csv",FALSE,"e098a11ca20c6cb30ce1cc9d76f798f9b196b22a453590244e8211e96c72c985","e098a11ca20c6cb30ce1cc9d76f798f9b196b22a453590244e8211e96c72c985",TRUE,62572,62572,TRUE,96,TRUE
"pride_submission/supplementary_tables/results_tables_04_differential_expression_enrichment_microglia_empirical_microglia_signature_dia","pride_submission/supplementary_tables/results_tables_04_differential_expression_enrichment_microglia_empirical_microglia_signature.csv",".csv","results/tables/04_differential_expression_enrichment/microglia_targeted_signature_enrichment/microglia/empirical_microglia_signature_diagnostics.csv",FALSE,"faaf58dfa6023e9963263460041d0c4113c98b90805f2ea3a26c5f2a04e9c9a2","faaf58dfa6023e9963263460041d0c4113c98b90805f2ea3a26c5f2a04e9c9a2",TRUE,135,135,TRUE,96,TRUE
"pride_submission/supplementary_tables/results_tables_04_differential_expression_enrichment_microglia_empirical_neuropil_shared_signatu","pride_submission/supplementary_tables/results_tables_04_differential_expression_enrichment_microglia_empirical_neuropil_shared_sig.csv",".csv","results/tables/04_differential_expression_enrichment/microglia_targeted_signature_enrichment/microglia/empirical_neuropil_shared_signature.csv",FALSE,"0a305b017c3a50101da47d2e106b181fed18fe7fa2487725ad855d9b79f21763","0a305b017c3a50101da47d2e106b181fed18fe7fa2487725ad855d9b79f21763",TRUE,77278,77278,TRUE,96,TRUE
"pride_submission/supplementary_tables/results_tables_04_differential_expression_enrichment_microglia_microglia_signature_claims_ready","pride_submission/supplementary_tables/results_tables_04_differential_expression_enrichment_microglia_microglia_signature_claims_re.csv",".csv","results/tables/04_differential_expression_enrichment/microglia_targeted_signature_enrichment/microglia/microglia_signature_claims_ready.csv",FALSE,"fe1e5015ba94c0f20ee3a1634f107a58293e87a7e00e7e1ccd8287ae72aab274","fe1e5015ba94c0f20ee3a1634f107a58293e87a7e00e7e1ccd8287ae72aab274",TRUE,23789,23789,TRUE,96,TRUE
"pride_submission/supplementary_tables/results_tables_04_differential_expression_enrichment_microglia_microglia_signature_cro__298c121f","pride_submission/supplementary_tables/results_tables_04_differential_expression_enrichment_microglia_microglia_signature__298c121f.csv",".csv","results/tables/04_differential_expression_enrichment/microglia_targeted_signature_enrichment/microglia/microglia_signature_cross_region_cross_condition.csv",FALSE,"9be441ee05a15e2f0c3f21c4d90e879225158a3666f906cc55f98310025d4349","9be441ee05a15e2f0c3f21c4d90e879225158a3666f906cc55f98310025d4349",TRUE,480411,480411,TRUE,96,TRUE
"pride_submission/supplementary_tables/results_tables_04_differential_expression_enrichment_microglia_microglia_signature_cro__a909de9b","pride_submission/supplementary_tables/results_tables_04_differential_expression_enrichment_microglia_microglia_signature__a909de9b.csv",".csv","results/tables/04_differential_expression_enrichment/microglia_targeted_signature_enrichment/microglia/microglia_signature_cross_region_same_condition.csv",FALSE,"0142a07b55f3faae5e175f4faabf37b46576814985319611805a077290fe8004","0142a07b55f3faae5e175f4faabf37b46576814985319611805a077290fe8004",TRUE,241835,241835,TRUE,96,TRUE
"pride_submission/supplementary_tables/results_tables_04_differential_expression_enrichment_microglia_microglia_signature_diagnostics.c","pride_submission/supplementary_tables/results_tables_04_differential_expression_enrichment_microglia_microglia_signature_diagnosti.csv",".csv","results/tables/04_differential_expression_enrichment/microglia_targeted_signature_enrichment/microglia/microglia_signature_diagnostics.csv",FALSE,"46624e2706bcd2849ab90c30bc434dd8dd97245bc6e5b459929cce00be588fc1","46624e2706bcd2849ab90c30bc434dd8dd97245bc6e5b459929cce00be588fc1",TRUE,1535,1535,TRUE,96,TRUE
"pride_submission/supplementary_tables/results_tables_04_differential_expression_enrichment_microglia_microglia_signature_direction_sum","pride_submission/supplementary_tables/results_tables_04_differential_expression_enrichment_microglia_microglia_signature_direction.csv",".csv","results/tables/04_differential_expression_enrichment/microglia_targeted_signature_enrichment/microglia/microglia_signature_direction_summary.csv",FALSE,"829c728112c49a37c1abc9aa35ce8f8334d4b112ca40da280fc1c2065607231e","829c728112c49a37c1abc9aa35ce8f8334d4b112ca40da280fc1c2065607231e",TRUE,1919,1919,TRUE,96,TRUE
"pride_submission/supplementary_tables/results_tables_04_differential_expression_enrichment_microglia_microglia_signature_enr__96e19466","pride_submission/supplementary_tables/results_tables_04_differential_expression_enrichment_microglia_microglia_signature__96e19466.csv",".csv","results/tables/04_differential_expression_enrichment/microglia_targeted_signature_enrichment/microglia/microglia_signature_enrichment_with_neuropil_reference.csv",FALSE,"2bb7d91187ffe58674dc69808becb8cbf914a1d1bffca7bbb0b2c31d442a3fd7","2bb7d91187ffe58674dc69808becb8cbf914a1d1bffca7bbb0b2c31d442a3fd7",TRUE,759697,759697,TRUE,96,TRUE
"pride_submission/supplementary_tables/results_tables_04_differential_expression_enrichment_microglia_microglia_signature_enr__a2bcdccd","pride_submission/supplementary_tables/results_tables_04_differential_expression_enrichment_microglia_microglia_signature__a2bcdccd.csv",".csv","results/tables/04_differential_expression_enrichment/microglia_targeted_signature_enrichment/microglia/microglia_signature_enrichment_with_contrast_class.csv",FALSE,"c5a38660d022f8e25e6b06628aed487894ea2a61cf07beddc914350176f7ce2c","c5a38660d022f8e25e6b06628aed487894ea2a61cf07beddc914350176f7ce2c",TRUE,880593,880593,TRUE,96,TRUE
"pride_submission/supplementary_tables/results_tables_04_differential_expression_enrichment_microglia_microglia_signature_enrichment.cs","pride_submission/supplementary_tables/results_tables_04_differential_expression_enrichment_microglia_microglia_signature__3d7f74b0.csv",".csv","results/tables/04_differential_expression_enrichment/microglia_targeted_signature_enrichment/microglia/microglia_signature_enrichment.csv",TRUE,"ef2122a072e308b14a3c138b895a05d231934cc493b6396bdb6334e2c95247bc","ef2122a072e308b14a3c138b895a05d231934cc493b6396bdb6334e2c95247bc",TRUE,654817,654817,TRUE,96,TRUE
"pride_submission/supplementary_tables/results_tables_04_differential_expression_enrichment_microglia_microglia_signature_enrichment_su","pride_submission/supplementary_tables/results_tables_04_differential_expression_enrichment_microglia_microglia_signature__3ec3c4fd.csv",".csv","results/tables/04_differential_expression_enrichment/microglia_targeted_signature_enrichment/microglia/microglia_signature_enrichment_summary.csv",TRUE,"e51eab6a0cb50544f14dc20df4effa71639905d7b7b1b825c21e135207991f7b","e51eab6a0cb50544f14dc20df4effa71639905d7b7b1b825c21e135207991f7b",TRUE,6284,6284,TRUE,96,TRUE
"pride_submission/supplementary_tables/results_tables_04_differential_expression_enrichment_microglia_microglia_signature_interpretatio","pride_submission/supplementary_tables/results_tables_04_differential_expression_enrichment_microglia_microglia_signature_interpret.csv",".csv","results/tables/04_differential_expression_enrichment/microglia_targeted_signature_enrichment/microglia/microglia_signature_interpretation_summary.csv",FALSE,"e3345382b7b79a7e3d5c6a67d2117f0474797a3f284848706bed16ae7892c0a8","e3345382b7b79a7e3d5c6a67d2117f0474797a3f284848706bed16ae7892c0a8",TRUE,8810,8810,TRUE,96,TRUE
"pride_submission/supplementary_tables/results_tables_04_differential_expression_enrichment_microglia_microglia_signature_leading_edge_","pride_submission/supplementary_tables/results_tables_04_differential_expression_enrichment_microglia_microglia_signature_leading_e.csv",".csv","results/tables/04_differential_expression_enrichment/microglia_targeted_signature_enrichment/microglia/microglia_signature_leading_edge_recurrence.csv",FALSE,"821a76a1c2011e72133459dd45c59a67bc660c7240e902e4189b89983526dc05","821a76a1c2011e72133459dd45c59a67bc660c7240e902e4189b89983526dc05",TRUE,3658926,3658926,TRUE,96,TRUE
"pride_submission/supplementary_tables/results_tables_04_differential_expression_enrichment_microglia_microglia_signature_regional_pool","pride_submission/supplementary_tables/results_tables_04_differential_expression_enrichment_microglia_microglia_signature_regional_.csv",".csv","results/tables/04_differential_expression_enrichment/microglia_targeted_signature_enrichment/microglia/microglia_signature_regional_pooled_summary.csv",FALSE,"f17b7292f95533421d29d9cb2b51bf73dab9424caa20f9ed9208fa69ac98961a","f17b7292f95533421d29d9cb2b51bf73dab9424caa20f9ed9208fa69ac98961a",TRUE,22007,22007,TRUE,96,TRUE
"pride_submission/supplementary_tables/results_tables_04_differential_expression_enrichment_microglia_microglia_signature_unclassified_","pride_submission/supplementary_tables/results_tables_04_differential_expression_enrichment_microglia_microglia_signature_unclassif.csv",".csv","results/tables/04_differential_expression_enrichment/microglia_targeted_signature_enrichment/microglia/microglia_signature_unclassified_technical.csv",FALSE,"5783ada3e5f3593b97c9d0955052471a874f6084e5cd0a49cd1b22b01b398082","5783ada3e5f3593b97c9d0955052471a874f6084e5cd0a49cd1b22b01b398082",TRUE,995,995,TRUE,96,TRUE
"pride_submission/supplementary_tables/results_tables_04_differential_expression_enrichment_microglia_microglia_signature_within_region","pride_submission/supplementary_tables/results_tables_04_differential_expression_enrichment_microglia_microglia_signature_within_re.csv",".csv","results/tables/04_differential_expression_enrichment/microglia_targeted_signature_enrichment/microglia/microglia_signature_within_region_condition.csv",FALSE,"c7d4afb69d3eff46d11a0437efe0691509147ed9b2b20dd673fdf4a07dcc5c1a","c7d4afb69d3eff46d11a0437efe0691509147ed9b2b20dd673fdf4a07dcc5c1a",TRUE,160337,160337,TRUE,96,TRUE
"pride_submission/supplementary_tables/results_tables_04_differential_expression_enrichment_microglia_mixed_microenvironment_signatures","pride_submission/supplementary_tables/results_tables_04_differential_expression_enrichment_microglia_mixed_microenvironment_signat.csv",".csv","results/tables/04_differential_expression_enrichment/microglia_targeted_signature_enrichment/microglia/mixed_microenvironment_signatures.csv",FALSE,"5783ada3e5f3593b97c9d0955052471a874f6084e5cd0a49cd1b22b01b398082","5783ada3e5f3593b97c9d0955052471a874f6084e5cd0a49cd1b22b01b398082",TRUE,995,995,TRUE,96,TRUE
"pride_submission/supplementary_tables/results_tables_04_differential_expression_enrichment_microglia_program_summary_integrated_interp","pride_submission/supplementary_tables/results_tables_04_differential_expression_enrichment_microglia_program_summary_integrated_in.csv",".csv","results/tables/04_differential_expression_enrichment/biological_program_summary/microglia/program_summary_integrated_interpretation.csv",FALSE,"fe07d8f660e2ebe2a254e9ef60c6ab06502581d4ecbd54da80d9dec40ba61174","fe07d8f660e2ebe2a254e9ef60c6ab06502581d4ecbd54da80d9dec40ba61174",TRUE,152231,152231,TRUE,96,TRUE
"pride_submission/supplementary_tables/results_tables_04_differential_expression_enrichment_microglia_program_summary_microglia_signatu","pride_submission/supplementary_tables/results_tables_04_differential_expression_enrichment_microglia_program_summary_microglia_sig.csv",".csv","results/tables/04_differential_expression_enrichment/biological_program_summary/microglia/program_summary_microglia_signature_annotated.csv",FALSE,"92f41dcfb9c0a63d9509a8f0b0dee98e305032821cd68730c05a213335fd34f2","92f41dcfb9c0a63d9509a8f0b0dee98e305032821cd68730c05a213335fd34f2",TRUE,120085,120085,TRUE,96,TRUE
"pride_submission/supplementary_tables/results_tables_04_differential_expression_enrichment_microglia_program_summary_neuropil_annotate","pride_submission/supplementary_tables/results_tables_04_differential_expression_enrichment_microglia_program_summary_neuropil_anno.csv",".csv","results/tables/04_differential_expression_enrichment/biological_program_summary/microglia/program_summary_neuropil_annotated.csv",FALSE,"cafaa2671299b4da4550d4c97fbe1745d8f837b8a22a6b61c748f80af9b4cf8b","cafaa2671299b4da4550d4c97fbe1745d8f837b8a22a6b61c748f80af9b4cf8b",TRUE,114042,114042,TRUE,96,TRUE
"pride_submission/supplementary_tables/results_tables_04_differential_expression_enrichment_neuron_neuropil_program_summary_heatmap_rea","pride_submission/supplementary_tables/results_tables_04_differential_expression_enrichment_neuron_neuropil_program_summary_heatmap.csv",".csv","results/tables/04_differential_expression_enrichment/biological_program_summary/neuron_neuropil/program_summary_heatmap_ready.csv",FALSE,"726e5df2dce47db012f9a548293a911922c0f5ea784e62939de312be8a644ef4","726e5df2dce47db012f9a548293a911922c0f5ea784e62939de312be8a644ef4",TRUE,266521,266521,TRUE,96,TRUE
"pride_submission/supplementary_tables/results_tables_04_differential_expression_enrichment_neuron_neuropil_program_summary_integrated_","pride_submission/supplementary_tables/results_tables_04_differential_expression_enrichment_neuron_neuropil_program_summary_integra.csv",".csv","results/tables/04_differential_expression_enrichment/biological_program_summary/neuron_neuropil/program_summary_integrated_interpretation.csv",FALSE,"5496297a7e0472c9f94e6e002aeb832cdf237faab6db56f0163816cd98475afa","5496297a7e0472c9f94e6e002aeb832cdf237faab6db56f0163816cd98475afa",TRUE,284787,284787,TRUE,96,TRUE
"pride_submission/supplementary_tables/results_tables_04_differential_expression_enrichment_neuron_neuropil_program_summary_microglia_s","pride_submission/supplementary_tables/results_tables_04_differential_expression_enrichment_neuron_neuropil_program_summary_microgl.csv",".csv","results/tables/04_differential_expression_enrichment/biological_program_summary/neuron_neuropil/program_summary_microglia_signature_annotated.csv",FALSE,"defd907c2574e1b49d063a4231310f8b19d7ccd0f2696442948ae7b90cf3c985","defd907c2574e1b49d063a4231310f8b19d7ccd0f2696442948ae7b90cf3c985",TRUE,247584,247584,TRUE,96,TRUE
"pride_submission/supplementary_tables/results_tables_04_differential_expression_enrichment_neuron_neuropil_program_summary_neuropil_an","pride_submission/supplementary_tables/results_tables_04_differential_expression_enrichment_neuron_neuropil_program_summary_neuropi.csv",".csv","results/tables/04_differential_expression_enrichment/biological_program_summary/neuron_neuropil/program_summary_neuropil_annotated.csv",FALSE,"b1ea3cd3a66a8c6cb29e486e5fe7fc02ec73383959b16c3dfac65093931b9d1d","b1ea3cd3a66a8c6cb29e486e5fe7fc02ec73383959b16c3dfac65093931b9d1d",TRUE,247573,247573,TRUE,96,TRUE
"pride_submission/supplementary_tables/results_tables_04_differential_expression_enrichment_neuron_soma_empirical_microglia_enriched_si","pride_submission/supplementary_tables/results_tables_04_differential_expression_enrichment_neuron_soma_empirical_microglia_enriche.csv",".csv","results/tables/04_differential_expression_enrichment/microglia_targeted_signature_enrichment/neuron_soma/empirical_microglia_enriched_signature.csv",FALSE,"dfd79636ea270abeaa5b0f6175148341836c55c6e9b91cc9573fc6318c569e5f","dfd79636ea270abeaa5b0f6175148341836c55c6e9b91cc9573fc6318c569e5f",TRUE,80,80,TRUE,96,TRUE
"pride_submission/supplementary_tables/results_tables_04_differential_expression_enrichment_neuron_soma_empirical_microglia_signature_d","pride_submission/supplementary_tables/results_tables_04_differential_expression_enrichment_neuron_soma_empirical_microglia_signatu.csv",".csv","results/tables/04_differential_expression_enrichment/microglia_targeted_signature_enrichment/neuron_soma/empirical_microglia_signature_diagnostics.csv",FALSE,"dfd79636ea270abeaa5b0f6175148341836c55c6e9b91cc9573fc6318c569e5f","dfd79636ea270abeaa5b0f6175148341836c55c6e9b91cc9573fc6318c569e5f",TRUE,80,80,TRUE,96,TRUE
"pride_submission/supplementary_tables/results_tables_04_differential_expression_enrichment_neuron_soma_empirical_neuropil_shared_signa","pride_submission/supplementary_tables/results_tables_04_differential_expression_enrichment_neuron_soma_empirical_neuropil_shared_s.csv",".csv","results/tables/04_differential_expression_enrichment/microglia_targeted_signature_enrichment/neuron_soma/empirical_neuropil_shared_signature.csv",FALSE,"dfd79636ea270abeaa5b0f6175148341836c55c6e9b91cc9573fc6318c569e5f","dfd79636ea270abeaa5b0f6175148341836c55c6e9b91cc9573fc6318c569e5f",TRUE,80,80,TRUE,96,TRUE
"pride_submission/supplementary_tables/results_tables_04_differential_expression_enrichment_neuron_soma_microglia_signature_diagnostics","pride_submission/supplementary_tables/results_tables_04_differential_expression_enrichment_neuron_soma_microglia_signature_diagnos.csv",".csv","results/tables/04_differential_expression_enrichment/microglia_targeted_signature_enrichment/neuron_soma/microglia_signature_diagnostics.csv",FALSE,"f756ec993262d37c1fa3b2cf6d4e188fadfb4238058eec3b2206665324d3bb5f","f756ec993262d37c1fa3b2cf6d4e188fadfb4238058eec3b2206665324d3bb5f",TRUE,392,392,TRUE,96,TRUE
"pride_submission/supplementary_tables/results_tables_04_differential_expression_enrichment_neuron_soma_microglia_signature_e__022b1ccc","pride_submission/supplementary_tables/results_tables_04_differential_expression_enrichment_neuron_soma_microglia_signatu__022b1ccc.csv",".csv","results/tables/04_differential_expression_enrichment/microglia_targeted_signature_enrichment/neuron_soma/microglia_signature_enrichment_summary.csv",FALSE,"dfd79636ea270abeaa5b0f6175148341836c55c6e9b91cc9573fc6318c569e5f","dfd79636ea270abeaa5b0f6175148341836c55c6e9b91cc9573fc6318c569e5f",TRUE,80,80,TRUE,96,TRUE
"pride_submission/supplementary_tables/results_tables_04_differential_expression_enrichment_neuron_soma_microglia_signature_e__1244aa35","pride_submission/supplementary_tables/results_tables_04_differential_expression_enrichment_neuron_soma_microglia_signatu__1244aa35.csv",".csv","results/tables/04_differential_expression_enrichment/microglia_targeted_signature_enrichment/neuron_soma/microglia_signature_enrichment_with_neuropil_reference.csv",FALSE,"dfd79636ea270abeaa5b0f6175148341836c55c6e9b91cc9573fc6318c569e5f","dfd79636ea270abeaa5b0f6175148341836c55c6e9b91cc9573fc6318c569e5f",TRUE,80,80,TRUE,96,TRUE
"pride_submission/supplementary_tables/results_tables_04_differential_expression_enrichment_neuron_soma_microglia_signature_enrichment","pride_submission/supplementary_tables/results_tables_04_differential_expression_enrichment_neuron_soma_microglia_signature_enrichm.csv",".csv","results/tables/04_differential_expression_enrichment/microglia_targeted_signature_enrichment/neuron_soma/microglia_signature_enrichment.csv",FALSE,"dfd79636ea270abeaa5b0f6175148341836c55c6e9b91cc9573fc6318c569e5f","dfd79636ea270abeaa5b0f6175148341836c55c6e9b91cc9573fc6318c569e5f",TRUE,80,80,TRUE,96,TRUE
"pride_submission/supplementary_tables/results_tables_04_differential_expression_enrichment_neuron_soma_mixed_microenvironment_signatur","pride_submission/supplementary_tables/results_tables_04_differential_expression_enrichment_neuron_soma_mixed_microenvironment_sign.csv",".csv","results/tables/04_differential_expression_enrichment/microglia_targeted_signature_enrichment/neuron_soma/mixed_microenvironment_signatures.csv",FALSE,"dfd79636ea270abeaa5b0f6175148341836c55c6e9b91cc9573fc6318c569e5f","dfd79636ea270abeaa5b0f6175148341836c55c6e9b91cc9573fc6318c569e5f",TRUE,80,80,TRUE,96,TRUE
"pride_submission/supplementary_tables/results_tables_04_differential_expression_enrichment_neuron_soma_program_summary_heatmap_ready.c","pride_submission/supplementary_tables/results_tables_04_differential_expression_enrichment_neuron_soma_program_summary_heatmap_rea.csv",".csv","results/tables/04_differential_expression_enrichment/biological_program_summary/neuron_soma/program_summary_heatmap_ready.csv",FALSE,"e755e88d15ba14020acf851ff1ad91c5dc52c944b37458bf1ef8a7522183a41d","e755e88d15ba14020acf851ff1ad91c5dc52c944b37458bf1ef8a7522183a41d",TRUE,106302,106302,TRUE,96,TRUE
"pride_submission/supplementary_tables/results_tables_04_differential_expression_enrichment_neuron_soma_program_summary_integrated_inte","pride_submission/supplementary_tables/results_tables_04_differential_expression_enrichment_neuron_soma_program_summary_integrated_.csv",".csv","results/tables/04_differential_expression_enrichment/biological_program_summary/neuron_soma/program_summary_integrated_interpretation.csv",FALSE,"4f26a38827ce854d8aa54bae01e8b6e93c9da454a70c3e4b13bd8d48f58cddb6","4f26a38827ce854d8aa54bae01e8b6e93c9da454a70c3e4b13bd8d48f58cddb6",TRUE,113684,113684,TRUE,96,TRUE
"pride_submission/supplementary_tables/results_tables_04_differential_expression_enrichment_neuron_soma_program_summary_microglia_signa","pride_submission/supplementary_tables/results_tables_04_differential_expression_enrichment_neuron_soma_program_summary_microglia_s.csv",".csv","results/tables/04_differential_expression_enrichment/biological_program_summary/neuron_soma/program_summary_microglia_signature_annotated.csv",FALSE,"6c90888f11756795d89abd2bcfb61ac1b44eeb60ee6cc37b014f1b9cea83f9db","6c90888f11756795d89abd2bcfb61ac1b44eeb60ee6cc37b014f1b9cea83f9db",TRUE,98711,98711,TRUE,96,TRUE
"pride_submission/supplementary_tables/results_tables_04_differential_expression_enrichment_neuron_soma_program_summary_neuropil_annota","pride_submission/supplementary_tables/results_tables_04_differential_expression_enrichment_neuron_soma_program_summary_neuropil_an.csv",".csv","results/tables/04_differential_expression_enrichment/biological_program_summary/neuron_soma/program_summary_neuropil_annotated.csv",FALSE,"33c13b92e76e1f75df0a799aaeec2537f2c0865e200f0f3f532f05ee9eeb5b31","33c13b92e76e1f75df0a799aaeec2537f2c0865e200f0f3f532f05ee9eeb5b31",TRUE,98700,98700,TRUE,96,TRUE
