"dataset","field","declared_path","source","source_sha256","staged_path","staged_sha256","same_hash","source_bytes","staged_bytes","staged_path_chars","same_size"
"microglia","collapsed_gene_input_file","P:/data/processed/04_differential_expression_enrichment/clusterProfiler/microglia/phenotype_within_unit/CA1_microglia/CA1microgliares_CA1microgliacon/protein_group_audits/collapsed_gene_input.csv","S:/Lab_Member/Tobi/Experiments/Exp9_Social-Stress/Analysis/proteomics/data/processed/04_differential_expression_enrichment/clusterProfiler/microglia/phenotype_within_unit/CA1_microglia/CA1microgliares_CA1microgliacon/protein_group_audits/collapsed_gene_input.csv","de653671b3a14d009caa5ea0599d53c9803b7cc3c7df3e2cdfaa9d4f4e230221","S:/Lab_Member/Tobi/Experiments/Exp9_Social-Stress/Analysis/proteomics/work/differential_abundance/run_clusterprofiler_enrichment/microglia/path_stage/d9a347b268c8/collapsed_gene_input.csv","de653671b3a14d009caa5ea0599d53c9803b7cc3c7df3e2cdfaa9d4f4e230221",TRUE,1377357,1377357,187,TRUE
"microglia","collapsed_gene_input_file","P:/data/processed/04_differential_expression_enrichment/clusterProfiler/microglia/phenotype_within_unit/CA1_microglia/CA1microgliares_CA1microgliacon/protein_group_audits/collapsed_gene_input.csv","S:/Lab_Member/Tobi/Experiments/Exp9_Social-Stress/Analysis/proteomics/data/processed/04_differential_expression_enrichment/clusterProfiler/microglia/phenotype_within_unit/CA1_microglia/CA1microgliares_CA1microgliacon/protein_group_audits/collapsed_gene_input.csv","de653671b3a14d009caa5ea0599d53c9803b7cc3c7df3e2cdfaa9d4f4e230221","S:/Lab_Member/Tobi/Experiments/Exp9_Social-Stress/Analysis/proteomics/work/differential_abundance/run_clusterprofiler_enrichment/microglia/path_stage/d9a347b268c8/collapsed_gene_input.csv","de653671b3a14d009caa5ea0599d53c9803b7cc3c7df3e2cdfaa9d4f4e230221",TRUE,1377357,1377357,187,TRUE
"microglia","collapsed_gene_input_file","P:/data/processed/04_differential_expression_enrichment/clusterProfiler/microglia/phenotype_within_unit/CA1_microglia/CA1microgliasus_CA1microgliacon/protein_group_audits/collapsed_gene_input.csv","S:/Lab_Member/Tobi/Experiments/Exp9_Social-Stress/Analysis/proteomics/data/processed/04_differential_expression_enrichment/clusterProfiler/microglia/phenotype_within_unit/CA1_microglia/CA1microgliasus_CA1microgliacon/protein_group_audits/collapsed_gene_input.csv","1aa1a344596bf28c69ee7ad25818a243b94c8d8078f812989382b18cad3b70ba","S:/Lab_Member/Tobi/Experiments/Exp9_Social-Stress/Analysis/proteomics/work/differential_abundance/run_clusterprofiler_enrichment/microglia/path_stage/979ffea5aaa4/collapsed_gene_input.csv","1aa1a344596bf28c69ee7ad25818a243b94c8d8078f812989382b18cad3b70ba",TRUE,1380377,1380377,187,TRUE
"microglia","collapsed_gene_input_file","P:/data/processed/04_differential_expression_enrichment/clusterProfiler/microglia/phenotype_within_unit/CA1_microglia/CA1microgliasus_CA1microgliacon/protein_group_audits/collapsed_gene_input.csv","S:/Lab_Member/Tobi/Experiments/Exp9_Social-Stress/Analysis/proteomics/data/processed/04_differential_expression_enrichment/clusterProfiler/microglia/phenotype_within_unit/CA1_microglia/CA1microgliasus_CA1microgliacon/protein_group_audits/collapsed_gene_input.csv","1aa1a344596bf28c69ee7ad25818a243b94c8d8078f812989382b18cad3b70ba","S:/Lab_Member/Tobi/Experiments/Exp9_Social-Stress/Analysis/proteomics/work/differential_abundance/run_clusterprofiler_enrichment/microglia/path_stage/979ffea5aaa4/collapsed_gene_input.csv","1aa1a344596bf28c69ee7ad25818a243b94c8d8078f812989382b18cad3b70ba",TRUE,1380377,1380377,187,TRUE
"microglia","collapsed_gene_input_file","P:/data/processed/04_differential_expression_enrichment/clusterProfiler/microglia/phenotype_within_unit/CA1_microglia/CA1microgliasus_CA1microgliares/protein_group_audits/collapsed_gene_input.csv","S:/Lab_Member/Tobi/Experiments/Exp9_Social-Stress/Analysis/proteomics/data/processed/04_differential_expression_enrichment/clusterProfiler/microglia/phenotype_within_unit/CA1_microglia/CA1microgliasus_CA1microgliares/protein_group_audits/collapsed_gene_input.csv","2b305f848bede03dcfe9c489db316314cf71feda07bdb71849df610910f24a33","S:/Lab_Member/Tobi/Experiments/Exp9_Social-Stress/Analysis/proteomics/work/differential_abundance/run_clusterprofiler_enrichment/microglia/path_stage/6eed20c530e4/collapsed_gene_input.csv","2b305f848bede03dcfe9c489db316314cf71feda07bdb71849df610910f24a33",TRUE,1382252,1382252,187,TRUE
"microglia","collapsed_gene_input_file","P:/data/processed/04_differential_expression_enrichment/clusterProfiler/microglia/phenotype_within_unit/CA1_microglia/CA1microgliasus_CA1microgliares/protein_group_audits/collapsed_gene_input.csv","S:/Lab_Member/Tobi/Experiments/Exp9_Social-Stress/Analysis/proteomics/data/processed/04_differential_expression_enrichment/clusterProfiler/microglia/phenotype_within_unit/CA1_microglia/CA1microgliasus_CA1microgliares/protein_group_audits/collapsed_gene_input.csv","2b305f848bede03dcfe9c489db316314cf71feda07bdb71849df610910f24a33","S:/Lab_Member/Tobi/Experiments/Exp9_Social-Stress/Analysis/proteomics/work/differential_abundance/run_clusterprofiler_enrichment/microglia/path_stage/6eed20c530e4/collapsed_gene_input.csv","2b305f848bede03dcfe9c489db316314cf71feda07bdb71849df610910f24a33",TRUE,1382252,1382252,187,TRUE
"microglia","collapsed_gene_input_file","P:/data/processed/04_differential_expression_enrichment/clusterProfiler/microglia/phenotype_within_unit/CA2_microglia/CA2microgliares_CA2microgliacon/protein_group_audits/collapsed_gene_input.csv","S:/Lab_Member/Tobi/Experiments/Exp9_Social-Stress/Analysis/proteomics/data/processed/04_differential_expression_enrichment/clusterProfiler/microglia/phenotype_within_unit/CA2_microglia/CA2microgliares_CA2microgliacon/protein_group_audits/collapsed_gene_input.csv","43718f5aac126d9173e8b33ba0273b57162e30d715161fc09c1ac0899e0162b8","S:/Lab_Member/Tobi/Experiments/Exp9_Social-Stress/Analysis/proteomics/work/differential_abundance/run_clusterprofiler_enrichment/microglia/path_stage/b4d119d2d324/collapsed_gene_input.csv","43718f5aac126d9173e8b33ba0273b57162e30d715161fc09c1ac0899e0162b8",TRUE,1377861,1377861,187,TRUE
"microglia","collapsed_gene_input_file","P:/data/processed/04_differential_expression_enrichment/clusterProfiler/microglia/phenotype_within_unit/CA2_microglia/CA2microgliares_CA2microgliacon/protein_group_audits/collapsed_gene_input.csv","S:/Lab_Member/Tobi/Experiments/Exp9_Social-Stress/Analysis/proteomics/data/processed/04_differential_expression_enrichment/clusterProfiler/microglia/phenotype_within_unit/CA2_microglia/CA2microgliares_CA2microgliacon/protein_group_audits/collapsed_gene_input.csv","43718f5aac126d9173e8b33ba0273b57162e30d715161fc09c1ac0899e0162b8","S:/Lab_Member/Tobi/Experiments/Exp9_Social-Stress/Analysis/proteomics/work/differential_abundance/run_clusterprofiler_enrichment/microglia/path_stage/b4d119d2d324/collapsed_gene_input.csv","43718f5aac126d9173e8b33ba0273b57162e30d715161fc09c1ac0899e0162b8",TRUE,1377861,1377861,187,TRUE
"microglia","collapsed_gene_input_file","P:/data/processed/04_differential_expression_enrichment/clusterProfiler/microglia/phenotype_within_unit/CA2_microglia/CA2microgliasus_CA2microgliacon/protein_group_audits/collapsed_gene_input.csv","S:/Lab_Member/Tobi/Experiments/Exp9_Social-Stress/Analysis/proteomics/data/processed/04_differential_expression_enrichment/clusterProfiler/microglia/phenotype_within_unit/CA2_microglia/CA2microgliasus_CA2microgliacon/protein_group_audits/collapsed_gene_input.csv","3c94714986564b737854c3912df2e1e25dd261ca3faf08367e5c3faa75fa4d37","S:/Lab_Member/Tobi/Experiments/Exp9_Social-Stress/Analysis/proteomics/work/differential_abundance/run_clusterprofiler_enrichment/microglia/path_stage/2a5a9cbfa3a3/collapsed_gene_input.csv","3c94714986564b737854c3912df2e1e25dd261ca3faf08367e5c3faa75fa4d37",TRUE,1382160,1382160,187,TRUE
"microglia","collapsed_gene_input_file","P:/data/processed/04_differential_expression_enrichment/clusterProfiler/microglia/phenotype_within_unit/CA2_microglia/CA2microgliasus_CA2microgliacon/protein_group_audits/collapsed_gene_input.csv","S:/Lab_Member/Tobi/Experiments/Exp9_Social-Stress/Analysis/proteomics/data/processed/04_differential_expression_enrichment/clusterProfiler/microglia/phenotype_within_unit/CA2_microglia/CA2microgliasus_CA2microgliacon/protein_group_audits/collapsed_gene_input.csv","3c94714986564b737854c3912df2e1e25dd261ca3faf08367e5c3faa75fa4d37","S:/Lab_Member/Tobi/Experiments/Exp9_Social-Stress/Analysis/proteomics/work/differential_abundance/run_clusterprofiler_enrichment/microglia/path_stage/2a5a9cbfa3a3/collapsed_gene_input.csv","3c94714986564b737854c3912df2e1e25dd261ca3faf08367e5c3faa75fa4d37",TRUE,1382160,1382160,187,TRUE
"microglia","collapsed_gene_input_file","P:/data/processed/04_differential_expression_enrichment/clusterProfiler/microglia/phenotype_within_unit/CA2_microglia/CA2microgliasus_CA2microgliares/protein_group_audits/collapsed_gene_input.csv","S:/Lab_Member/Tobi/Experiments/Exp9_Social-Stress/Analysis/proteomics/data/processed/04_differential_expression_enrichment/clusterProfiler/microglia/phenotype_within_unit/CA2_microglia/CA2microgliasus_CA2microgliares/protein_group_audits/collapsed_gene_input.csv","2c693dc8c8831341d7f6753deab72ffad0a8b99e7eca326cc2f4864df07d0d80","S:/Lab_Member/Tobi/Experiments/Exp9_Social-Stress/Analysis/proteomics/work/differential_abundance/run_clusterprofiler_enrichment/microglia/path_stage/a18fd0429492/collapsed_gene_input.csv","2c693dc8c8831341d7f6753deab72ffad0a8b99e7eca326cc2f4864df07d0d80",TRUE,1379511,1379511,187,TRUE
"microglia","collapsed_gene_input_file","P:/data/processed/04_differential_expression_enrichment/clusterProfiler/microglia/phenotype_within_unit/CA2_microglia/CA2microgliasus_CA2microgliares/protein_group_audits/collapsed_gene_input.csv","S:/Lab_Member/Tobi/Experiments/Exp9_Social-Stress/Analysis/proteomics/data/processed/04_differential_expression_enrichment/clusterProfiler/microglia/phenotype_within_unit/CA2_microglia/CA2microgliasus_CA2microgliares/protein_group_audits/collapsed_gene_input.csv","2c693dc8c8831341d7f6753deab72ffad0a8b99e7eca326cc2f4864df07d0d80","S:/Lab_Member/Tobi/Experiments/Exp9_Social-Stress/Analysis/proteomics/work/differential_abundance/run_clusterprofiler_enrichment/microglia/path_stage/a18fd0429492/collapsed_gene_input.csv","2c693dc8c8831341d7f6753deab72ffad0a8b99e7eca326cc2f4864df07d0d80",TRUE,1379511,1379511,187,TRUE
"microglia","collapsed_gene_input_file","P:/data/processed/04_differential_expression_enrichment/clusterProfiler/microglia/phenotype_within_unit/CA3_microglia/CA3microgliares_CA3microgliacon/protein_group_audits/collapsed_gene_input.csv","S:/Lab_Member/Tobi/Experiments/Exp9_Social-Stress/Analysis/proteomics/data/processed/04_differential_expression_enrichment/clusterProfiler/microglia/phenotype_within_unit/CA3_microglia/CA3microgliares_CA3microgliacon/protein_group_audits/collapsed_gene_input.csv","f5169eb44b05e9390911213c82a405be77c5a9d31cfb2a1c7edcd590d8481b2c","S:/Lab_Member/Tobi/Experiments/Exp9_Social-Stress/Analysis/proteomics/work/differential_abundance/run_clusterprofiler_enrichment/microglia/path_stage/0250fe481678/collapsed_gene_input.csv","f5169eb44b05e9390911213c82a405be77c5a9d31cfb2a1c7edcd590d8481b2c",TRUE,1371635,1371635,187,TRUE
"microglia","collapsed_gene_input_file","P:/data/processed/04_differential_expression_enrichment/clusterProfiler/microglia/phenotype_within_unit/CA3_microglia/CA3microgliares_CA3microgliacon/protein_group_audits/collapsed_gene_input.csv","S:/Lab_Member/Tobi/Experiments/Exp9_Social-Stress/Analysis/proteomics/data/processed/04_differential_expression_enrichment/clusterProfiler/microglia/phenotype_within_unit/CA3_microglia/CA3microgliares_CA3microgliacon/protein_group_audits/collapsed_gene_input.csv","f5169eb44b05e9390911213c82a405be77c5a9d31cfb2a1c7edcd590d8481b2c","S:/Lab_Member/Tobi/Experiments/Exp9_Social-Stress/Analysis/proteomics/work/differential_abundance/run_clusterprofiler_enrichment/microglia/path_stage/0250fe481678/collapsed_gene_input.csv","f5169eb44b05e9390911213c82a405be77c5a9d31cfb2a1c7edcd590d8481b2c",TRUE,1371635,1371635,187,TRUE
"microglia","collapsed_gene_input_file","P:/data/processed/04_differential_expression_enrichment/clusterProfiler/microglia/phenotype_within_unit/CA3_microglia/CA3microgliasus_CA3microgliacon/protein_group_audits/collapsed_gene_input.csv","S:/Lab_Member/Tobi/Experiments/Exp9_Social-Stress/Analysis/proteomics/data/processed/04_differential_expression_enrichment/clusterProfiler/microglia/phenotype_within_unit/CA3_microglia/CA3microgliasus_CA3microgliacon/protein_group_audits/collapsed_gene_input.csv","bd11aa256c83350805a5f3fdc791e1d6dee44b34cdfa4833d0491f1809a0d920","S:/Lab_Member/Tobi/Experiments/Exp9_Social-Stress/Analysis/proteomics/work/differential_abundance/run_clusterprofiler_enrichment/microglia/path_stage/6957362cbd92/collapsed_gene_input.csv","bd11aa256c83350805a5f3fdc791e1d6dee44b34cdfa4833d0491f1809a0d920",TRUE,1384398,1384398,187,TRUE
"microglia","collapsed_gene_input_file","P:/data/processed/04_differential_expression_enrichment/clusterProfiler/microglia/phenotype_within_unit/CA3_microglia/CA3microgliasus_CA3microgliacon/protein_group_audits/collapsed_gene_input.csv","S:/Lab_Member/Tobi/Experiments/Exp9_Social-Stress/Analysis/proteomics/data/processed/04_differential_expression_enrichment/clusterProfiler/microglia/phenotype_within_unit/CA3_microglia/CA3microgliasus_CA3microgliacon/protein_group_audits/collapsed_gene_input.csv","bd11aa256c83350805a5f3fdc791e1d6dee44b34cdfa4833d0491f1809a0d920","S:/Lab_Member/Tobi/Experiments/Exp9_Social-Stress/Analysis/proteomics/work/differential_abundance/run_clusterprofiler_enrichment/microglia/path_stage/6957362cbd92/collapsed_gene_input.csv","bd11aa256c83350805a5f3fdc791e1d6dee44b34cdfa4833d0491f1809a0d920",TRUE,1384398,1384398,187,TRUE
"microglia","collapsed_gene_input_file","P:/data/processed/04_differential_expression_enrichment/clusterProfiler/microglia/phenotype_within_unit/CA3_microglia/CA3microgliasus_CA3microgliares/protein_group_audits/collapsed_gene_input.csv","S:/Lab_Member/Tobi/Experiments/Exp9_Social-Stress/Analysis/proteomics/data/processed/04_differential_expression_enrichment/clusterProfiler/microglia/phenotype_within_unit/CA3_microglia/CA3microgliasus_CA3microgliares/protein_group_audits/collapsed_gene_input.csv","68644053a8949ab222ec8058f791e2d3decce57e08b9ff7fbb55f27425930830","S:/Lab_Member/Tobi/Experiments/Exp9_Social-Stress/Analysis/proteomics/work/differential_abundance/run_clusterprofiler_enrichment/microglia/path_stage/368ac60844f2/collapsed_gene_input.csv","68644053a8949ab222ec8058f791e2d3decce57e08b9ff7fbb55f27425930830",TRUE,1383231,1383231,187,TRUE
"microglia","collapsed_gene_input_file","P:/data/processed/04_differential_expression_enrichment/clusterProfiler/microglia/phenotype_within_unit/CA3_microglia/CA3microgliasus_CA3microgliares/protein_group_audits/collapsed_gene_input.csv","S:/Lab_Member/Tobi/Experiments/Exp9_Social-Stress/Analysis/proteomics/data/processed/04_differential_expression_enrichment/clusterProfiler/microglia/phenotype_within_unit/CA3_microglia/CA3microgliasus_CA3microgliares/protein_group_audits/collapsed_gene_input.csv","68644053a8949ab222ec8058f791e2d3decce57e08b9ff7fbb55f27425930830","S:/Lab_Member/Tobi/Experiments/Exp9_Social-Stress/Analysis/proteomics/work/differential_abundance/run_clusterprofiler_enrichment/microglia/path_stage/368ac60844f2/collapsed_gene_input.csv","68644053a8949ab222ec8058f791e2d3decce57e08b9ff7fbb55f27425930830",TRUE,1383231,1383231,187,TRUE
"microglia","term_gene_provenance_file","P:/data/processed/04_differential_expression_enrichment/clusterProfiler/microglia/phenotype_within_unit/CA1_microglia/CA1microgliares_CA1microgliacon/protein_group_audits/gsea_go_term_gene_provenance.csv","S:/Lab_Member/Tobi/Experiments/Exp9_Social-Stress/Analysis/proteomics/data/processed/04_differential_expression_enrichment/clusterProfiler/microglia/phenotype_within_unit/CA1_microglia/CA1microgliares_CA1microgliacon/protein_group_audits/gsea_go_term_gene_provenance.csv","3fb1980222098b844f14cf2554b077c8fd76332daed227359ab69e2e6570aa21","S:/Lab_Member/Tobi/Experiments/Exp9_Social-Stress/Analysis/proteomics/work/differential_abundance/run_clusterprofiler_enrichment/microglia/path_stage/1fcb6220ba41/gsea_go_term_gene_provenance.csv","3fb1980222098b844f14cf2554b077c8fd76332daed227359ab69e2e6570aa21",TRUE,27310579,27310579,195,TRUE
"microglia","term_gene_provenance_file","P:/data/processed/04_differential_expression_enrichment/clusterProfiler/microglia/phenotype_within_unit/CA1_microglia/CA1microgliares_CA1microgliacon/protein_group_audits/gsea_kegg_term_gene_provenance.csv","S:/Lab_Member/Tobi/Experiments/Exp9_Social-Stress/Analysis/proteomics/data/processed/04_differential_expression_enrichment/clusterProfiler/microglia/phenotype_within_unit/CA1_microglia/CA1microgliares_CA1microgliacon/protein_group_audits/gsea_kegg_term_gene_provenance.csv","70a6e2be56ced0d47f0fa3da3f4587ef5077a85f08d740f77b0d36ee16c824e5","S:/Lab_Member/Tobi/Experiments/Exp9_Social-Stress/Analysis/proteomics/work/differential_abundance/run_clusterprofiler_enrichment/microglia/path_stage/f4c1d2e16d78/gsea_kegg_term_gene_provenance.csv","70a6e2be56ced0d47f0fa3da3f4587ef5077a85f08d740f77b0d36ee16c824e5",TRUE,1669800,1669800,197,TRUE
"microglia","term_gene_provenance_file","P:/data/processed/04_differential_expression_enrichment/clusterProfiler/microglia/phenotype_within_unit/CA1_microglia/CA1microgliasus_CA1microgliacon/protein_group_audits/gsea_go_term_gene_provenance.csv","S:/Lab_Member/Tobi/Experiments/Exp9_Social-Stress/Analysis/proteomics/data/processed/04_differential_expression_enrichment/clusterProfiler/microglia/phenotype_within_unit/CA1_microglia/CA1microgliasus_CA1microgliacon/protein_group_audits/gsea_go_term_gene_provenance.csv","5ff235710baf6458bdacc6ed4afac1f10869744e4832f0ede9fa872ede4ba1ce","S:/Lab_Member/Tobi/Experiments/Exp9_Social-Stress/Analysis/proteomics/work/differential_abundance/run_clusterprofiler_enrichment/microglia/path_stage/e14f11293fbc/gsea_go_term_gene_provenance.csv","5ff235710baf6458bdacc6ed4afac1f10869744e4832f0ede9fa872ede4ba1ce",TRUE,22785505,22785505,195,TRUE
"microglia","term_gene_provenance_file","P:/data/processed/04_differential_expression_enrichment/clusterProfiler/microglia/phenotype_within_unit/CA1_microglia/CA1microgliasus_CA1microgliacon/protein_group_audits/gsea_kegg_term_gene_provenance.csv","S:/Lab_Member/Tobi/Experiments/Exp9_Social-Stress/Analysis/proteomics/data/processed/04_differential_expression_enrichment/clusterProfiler/microglia/phenotype_within_unit/CA1_microglia/CA1microgliasus_CA1microgliacon/protein_group_audits/gsea_kegg_term_gene_provenance.csv","0316e12a8c1597bfa41cc1109dc5e8a8a8d15b4e0c5844b69cd88201737470cb","S:/Lab_Member/Tobi/Experiments/Exp9_Social-Stress/Analysis/proteomics/work/differential_abundance/run_clusterprofiler_enrichment/microglia/path_stage/0e84a6e78c1c/gsea_kegg_term_gene_provenance.csv","0316e12a8c1597bfa41cc1109dc5e8a8a8d15b4e0c5844b69cd88201737470cb",TRUE,1457377,1457377,197,TRUE
"microglia","term_gene_provenance_file","P:/data/processed/04_differential_expression_enrichment/clusterProfiler/microglia/phenotype_within_unit/CA1_microglia/CA1microgliasus_CA1microgliares/protein_group_audits/gsea_go_term_gene_provenance.csv","S:/Lab_Member/Tobi/Experiments/Exp9_Social-Stress/Analysis/proteomics/data/processed/04_differential_expression_enrichment/clusterProfiler/microglia/phenotype_within_unit/CA1_microglia/CA1microgliasus_CA1microgliares/protein_group_audits/gsea_go_term_gene_provenance.csv","05f1647f5f85d91086c15aab731dedeea42061b811657fad7522cd7cd10a8e18","S:/Lab_Member/Tobi/Experiments/Exp9_Social-Stress/Analysis/proteomics/work/differential_abundance/run_clusterprofiler_enrichment/microglia/path_stage/cadc9c9fea07/gsea_go_term_gene_provenance.csv","05f1647f5f85d91086c15aab731dedeea42061b811657fad7522cd7cd10a8e18",TRUE,26270564,26270564,195,TRUE
"microglia","term_gene_provenance_file","P:/data/processed/04_differential_expression_enrichment/clusterProfiler/microglia/phenotype_within_unit/CA1_microglia/CA1microgliasus_CA1microgliares/protein_group_audits/gsea_kegg_term_gene_provenance.csv","S:/Lab_Member/Tobi/Experiments/Exp9_Social-Stress/Analysis/proteomics/data/processed/04_differential_expression_enrichment/clusterProfiler/microglia/phenotype_within_unit/CA1_microglia/CA1microgliasus_CA1microgliares/protein_group_audits/gsea_kegg_term_gene_provenance.csv","f62e64bdf1b074bcc63ca44f72843cce80c3247ee2804569af73fb03ea8fdbb2","S:/Lab_Member/Tobi/Experiments/Exp9_Social-Stress/Analysis/proteomics/work/differential_abundance/run_clusterprofiler_enrichment/microglia/path_stage/48d7fbd28524/gsea_kegg_term_gene_provenance.csv","f62e64bdf1b074bcc63ca44f72843cce80c3247ee2804569af73fb03ea8fdbb2",TRUE,1598692,1598692,197,TRUE
"microglia","term_gene_provenance_file","P:/data/processed/04_differential_expression_enrichment/clusterProfiler/microglia/phenotype_within_unit/CA2_microglia/CA2microgliares_CA2microgliacon/protein_group_audits/gsea_go_term_gene_provenance.csv","S:/Lab_Member/Tobi/Experiments/Exp9_Social-Stress/Analysis/proteomics/data/processed/04_differential_expression_enrichment/clusterProfiler/microglia/phenotype_within_unit/CA2_microglia/CA2microgliares_CA2microgliacon/protein_group_audits/gsea_go_term_gene_provenance.csv","aa5b901b99bc46cc00203c0012ba3ac409b3cad369c1f0ad0b99036e26cffe53","S:/Lab_Member/Tobi/Experiments/Exp9_Social-Stress/Analysis/proteomics/work/differential_abundance/run_clusterprofiler_enrichment/microglia/path_stage/bccf98c44096/gsea_go_term_gene_provenance.csv","aa5b901b99bc46cc00203c0012ba3ac409b3cad369c1f0ad0b99036e26cffe53",TRUE,24173608,24173608,195,TRUE
"microglia","term_gene_provenance_file","P:/data/processed/04_differential_expression_enrichment/clusterProfiler/microglia/phenotype_within_unit/CA2_microglia/CA2microgliares_CA2microgliacon/protein_group_audits/gsea_kegg_term_gene_provenance.csv","S:/Lab_Member/Tobi/Experiments/Exp9_Social-Stress/Analysis/proteomics/data/processed/04_differential_expression_enrichment/clusterProfiler/microglia/phenotype_within_unit/CA2_microglia/CA2microgliares_CA2microgliacon/protein_group_audits/gsea_kegg_term_gene_provenance.csv","af65379ca406000f839d20cb2a68dd39f53ac2b1fbc2be755378e88077e87e16","S:/Lab_Member/Tobi/Experiments/Exp9_Social-Stress/Analysis/proteomics/work/differential_abundance/run_clusterprofiler_enrichment/microglia/path_stage/63ff8ae2a3ce/gsea_kegg_term_gene_provenance.csv","af65379ca406000f839d20cb2a68dd39f53ac2b1fbc2be755378e88077e87e16",TRUE,1634962,1634962,197,TRUE
"microglia","term_gene_provenance_file","P:/data/processed/04_differential_expression_enrichment/clusterProfiler/microglia/phenotype_within_unit/CA2_microglia/CA2microgliasus_CA2microgliacon/protein_group_audits/gsea_go_term_gene_provenance.csv","S:/Lab_Member/Tobi/Experiments/Exp9_Social-Stress/Analysis/proteomics/data/processed/04_differential_expression_enrichment/clusterProfiler/microglia/phenotype_within_unit/CA2_microglia/CA2microgliasus_CA2microgliacon/protein_group_audits/gsea_go_term_gene_provenance.csv","4db9294f177c2ad09304cc565ef8a36fd58d72e7eec8e648900ab86197e29343","S:/Lab_Member/Tobi/Experiments/Exp9_Social-Stress/Analysis/proteomics/work/differential_abundance/run_clusterprofiler_enrichment/microglia/path_stage/5157f4cff191/gsea_go_term_gene_provenance.csv","4db9294f177c2ad09304cc565ef8a36fd58d72e7eec8e648900ab86197e29343",TRUE,25033036,25033036,195,TRUE
"microglia","term_gene_provenance_file","P:/data/processed/04_differential_expression_enrichment/clusterProfiler/microglia/phenotype_within_unit/CA2_microglia/CA2microgliasus_CA2microgliacon/protein_group_audits/gsea_kegg_term_gene_provenance.csv","S:/Lab_Member/Tobi/Experiments/Exp9_Social-Stress/Analysis/proteomics/data/processed/04_differential_expression_enrichment/clusterProfiler/microglia/phenotype_within_unit/CA2_microglia/CA2microgliasus_CA2microgliacon/protein_group_audits/gsea_kegg_term_gene_provenance.csv","487415f6b11d0d5e8c625c41a0b4ca3fd4e9bb967fa4deb607a3a004c2fb5972","S:/Lab_Member/Tobi/Experiments/Exp9_Social-Stress/Analysis/proteomics/work/differential_abundance/run_clusterprofiler_enrichment/microglia/path_stage/32f3afd36ddb/gsea_kegg_term_gene_provenance.csv","487415f6b11d0d5e8c625c41a0b4ca3fd4e9bb967fa4deb607a3a004c2fb5972",TRUE,1678876,1678876,197,TRUE
"microglia","term_gene_provenance_file","P:/data/processed/04_differential_expression_enrichment/clusterProfiler/microglia/phenotype_within_unit/CA2_microglia/CA2microgliasus_CA2microgliares/protein_group_audits/gsea_go_term_gene_provenance.csv","S:/Lab_Member/Tobi/Experiments/Exp9_Social-Stress/Analysis/proteomics/data/processed/04_differential_expression_enrichment/clusterProfiler/microglia/phenotype_within_unit/CA2_microglia/CA2microgliasus_CA2microgliares/protein_group_audits/gsea_go_term_gene_provenance.csv","04bc8a9646794fce5382bc8500f0a47b0f02185de4d73008e71d74c8050cb1ab","S:/Lab_Member/Tobi/Experiments/Exp9_Social-Stress/Analysis/proteomics/work/differential_abundance/run_clusterprofiler_enrichment/microglia/path_stage/745b6cef18ea/gsea_go_term_gene_provenance.csv","04bc8a9646794fce5382bc8500f0a47b0f02185de4d73008e71d74c8050cb1ab",TRUE,27776069,27776069,195,TRUE
"microglia","term_gene_provenance_file","P:/data/processed/04_differential_expression_enrichment/clusterProfiler/microglia/phenotype_within_unit/CA2_microglia/CA2microgliasus_CA2microgliares/protein_group_audits/gsea_kegg_term_gene_provenance.csv","S:/Lab_Member/Tobi/Experiments/Exp9_Social-Stress/Analysis/proteomics/data/processed/04_differential_expression_enrichment/clusterProfiler/microglia/phenotype_within_unit/CA2_microglia/CA2microgliasus_CA2microgliares/protein_group_audits/gsea_kegg_term_gene_provenance.csv","3ddbb09734f31e06fd3c34afb9ed91be69b04d66ac8f492298f4c798342bbb85","S:/Lab_Member/Tobi/Experiments/Exp9_Social-Stress/Analysis/proteomics/work/differential_abundance/run_clusterprofiler_enrichment/microglia/path_stage/0971baee9d15/gsea_kegg_term_gene_provenance.csv","3ddbb09734f31e06fd3c34afb9ed91be69b04d66ac8f492298f4c798342bbb85",TRUE,1741906,1741906,197,TRUE
"microglia","term_gene_provenance_file","P:/data/processed/04_differential_expression_enrichment/clusterProfiler/microglia/phenotype_within_unit/CA3_microglia/CA3microgliares_CA3microgliacon/protein_group_audits/gsea_go_term_gene_provenance.csv","S:/Lab_Member/Tobi/Experiments/Exp9_Social-Stress/Analysis/proteomics/data/processed/04_differential_expression_enrichment/clusterProfiler/microglia/phenotype_within_unit/CA3_microglia/CA3microgliares_CA3microgliacon/protein_group_audits/gsea_go_term_gene_provenance.csv","3f487c02d3320eaaa28e61ae8309905f578649113d92a20bdb2415f52491415e","S:/Lab_Member/Tobi/Experiments/Exp9_Social-Stress/Analysis/proteomics/work/differential_abundance/run_clusterprofiler_enrichment/microglia/path_stage/4c95628755a8/gsea_go_term_gene_provenance.csv","3f487c02d3320eaaa28e61ae8309905f578649113d92a20bdb2415f52491415e",TRUE,21187667,21187667,195,TRUE
"microglia","term_gene_provenance_file","P:/data/processed/04_differential_expression_enrichment/clusterProfiler/microglia/phenotype_within_unit/CA3_microglia/CA3microgliares_CA3microgliacon/protein_group_audits/gsea_kegg_term_gene_provenance.csv","S:/Lab_Member/Tobi/Experiments/Exp9_Social-Stress/Analysis/proteomics/data/processed/04_differential_expression_enrichment/clusterProfiler/microglia/phenotype_within_unit/CA3_microglia/CA3microgliares_CA3microgliacon/protein_group_audits/gsea_kegg_term_gene_provenance.csv","ffaf3a9c008b63edad121ff49f9480feae9b5822dc6ef749f1979cf4eef7b993","S:/Lab_Member/Tobi/Experiments/Exp9_Social-Stress/Analysis/proteomics/work/differential_abundance/run_clusterprofiler_enrichment/microglia/path_stage/45e116dd9b23/gsea_kegg_term_gene_provenance.csv","ffaf3a9c008b63edad121ff49f9480feae9b5822dc6ef749f1979cf4eef7b993",TRUE,1212733,1212733,197,TRUE
"microglia","term_gene_provenance_file","P:/data/processed/04_differential_expression_enrichment/clusterProfiler/microglia/phenotype_within_unit/CA3_microglia/CA3microgliasus_CA3microgliacon/protein_group_audits/gsea_go_term_gene_provenance.csv","S:/Lab_Member/Tobi/Experiments/Exp9_Social-Stress/Analysis/proteomics/data/processed/04_differential_expression_enrichment/clusterProfiler/microglia/phenotype_within_unit/CA3_microglia/CA3microgliasus_CA3microgliacon/protein_group_audits/gsea_go_term_gene_provenance.csv","78ab18a3fe82bbdd997647edf2b90d04a26384a5eae9bb57f591bbfe3044e0e0","S:/Lab_Member/Tobi/Experiments/Exp9_Social-Stress/Analysis/proteomics/work/differential_abundance/run_clusterprofiler_enrichment/microglia/path_stage/9fa93e683a3c/gsea_go_term_gene_provenance.csv","78ab18a3fe82bbdd997647edf2b90d04a26384a5eae9bb57f591bbfe3044e0e0",TRUE,24138120,24138120,195,TRUE
"microglia","term_gene_provenance_file","P:/data/processed/04_differential_expression_enrichment/clusterProfiler/microglia/phenotype_within_unit/CA3_microglia/CA3microgliasus_CA3microgliacon/protein_group_audits/gsea_kegg_term_gene_provenance.csv","S:/Lab_Member/Tobi/Experiments/Exp9_Social-Stress/Analysis/proteomics/data/processed/04_differential_expression_enrichment/clusterProfiler/microglia/phenotype_within_unit/CA3_microglia/CA3microgliasus_CA3microgliacon/protein_group_audits/gsea_kegg_term_gene_provenance.csv","cf5fe1a4c81eb8e3246744a5eccdf5d30b5ada74ee4b4ea1629716bd2800e412","S:/Lab_Member/Tobi/Experiments/Exp9_Social-Stress/Analysis/proteomics/work/differential_abundance/run_clusterprofiler_enrichment/microglia/path_stage/6f9fb79670c5/gsea_kegg_term_gene_provenance.csv","cf5fe1a4c81eb8e3246744a5eccdf5d30b5ada74ee4b4ea1629716bd2800e412",TRUE,1424848,1424848,197,TRUE
"microglia","term_gene_provenance_file","P:/data/processed/04_differential_expression_enrichment/clusterProfiler/microglia/phenotype_within_unit/CA3_microglia/CA3microgliasus_CA3microgliares/protein_group_audits/gsea_go_term_gene_provenance.csv","S:/Lab_Member/Tobi/Experiments/Exp9_Social-Stress/Analysis/proteomics/data/processed/04_differential_expression_enrichment/clusterProfiler/microglia/phenotype_within_unit/CA3_microglia/CA3microgliasus_CA3microgliares/protein_group_audits/gsea_go_term_gene_provenance.csv","17b5dd5cb44829d4cd0783223e22e166635b13912005021c1fe5eb8012950774","S:/Lab_Member/Tobi/Experiments/Exp9_Social-Stress/Analysis/proteomics/work/differential_abundance/run_clusterprofiler_enrichment/microglia/path_stage/91c45dcb87da/gsea_go_term_gene_provenance.csv","17b5dd5cb44829d4cd0783223e22e166635b13912005021c1fe5eb8012950774",TRUE,24820174,24820174,195,TRUE
"microglia","term_gene_provenance_file","P:/data/processed/04_differential_expression_enrichment/clusterProfiler/microglia/phenotype_within_unit/CA3_microglia/CA3microgliasus_CA3microgliares/protein_group_audits/gsea_kegg_term_gene_provenance.csv","S:/Lab_Member/Tobi/Experiments/Exp9_Social-Stress/Analysis/proteomics/data/processed/04_differential_expression_enrichment/clusterProfiler/microglia/phenotype_within_unit/CA3_microglia/CA3microgliasus_CA3microgliares/protein_group_audits/gsea_kegg_term_gene_provenance.csv","d08653abc7e9f11087d7da47b3f8694996214bdb0a13e7e8ed1ede97a6479777","S:/Lab_Member/Tobi/Experiments/Exp9_Social-Stress/Analysis/proteomics/work/differential_abundance/run_clusterprofiler_enrichment/microglia/path_stage/ebb3fe301ceb/gsea_kegg_term_gene_provenance.csv","d08653abc7e9f11087d7da47b3f8694996214bdb0a13e7e8ed1ede97a6479777",TRUE,1462798,1462798,197,TRUE
"microglia","term_gene_provenance_file","P:/data/processed/04_differential_expression_enrichment/clusterProfiler/microglia/phenotype_within_unit/DG_microglia/DGmicrogliares_DGmicrogliacon/protein_group_audits/gsea_go_term_gene_provenance.csv","S:/Lab_Member/Tobi/Experiments/Exp9_Social-Stress/Analysis/proteomics/data/processed/04_differential_expression_enrichment/clusterProfiler/microglia/phenotype_within_unit/DG_microglia/DGmicrogliares_DGmicrogliacon/protein_group_audits/gsea_go_term_gene_provenance.csv","5fda9846b3d21f6606e279396f43a2deb8af68065e1bd3a43aa0997ccb5720b9","S:/Lab_Member/Tobi/Experiments/Exp9_Social-Stress/Analysis/proteomics/work/differential_abundance/run_clusterprofiler_enrichment/microglia/path_stage/77d247b9b0e8/gsea_go_term_gene_provenance.csv","5fda9846b3d21f6606e279396f43a2deb8af68065e1bd3a43aa0997ccb5720b9",TRUE,26963950,26963950,195,TRUE
"microglia","term_gene_provenance_file","P:/data/processed/04_differential_expression_enrichment/clusterProfiler/microglia/phenotype_within_unit/DG_microglia/DGmicrogliares_DGmicrogliacon/protein_group_audits/gsea_kegg_term_gene_provenance.csv","S:/Lab_Member/Tobi/Experiments/Exp9_Social-Stress/Analysis/proteomics/data/processed/04_differential_expression_enrichment/clusterProfiler/microglia/phenotype_within_unit/DG_microglia/DGmicrogliares_DGmicrogliacon/protein_group_audits/gsea_kegg_term_gene_provenance.csv","1c5e84b62cfc6015d0e596e3423756f1b6f0afeb1e9228e899d3b49c94b5e9b0","S:/Lab_Member/Tobi/Experiments/Exp9_Social-Stress/Analysis/proteomics/work/differential_abundance/run_clusterprofiler_enrichment/microglia/path_stage/936a27fe00ba/gsea_kegg_term_gene_provenance.csv","1c5e84b62cfc6015d0e596e3423756f1b6f0afeb1e9228e899d3b49c94b5e9b0",TRUE,1474416,1474416,197,TRUE
"microglia","term_gene_provenance_file","P:/data/processed/04_differential_expression_enrichment/clusterProfiler/microglia/phenotype_within_unit/DG_microglia/DGmicrogliasus_DGmicrogliacon/protein_group_audits/gsea_go_term_gene_provenance.csv","S:/Lab_Member/Tobi/Experiments/Exp9_Social-Stress/Analysis/proteomics/data/processed/04_differential_expression_enrichment/clusterProfiler/microglia/phenotype_within_unit/DG_microglia/DGmicrogliasus_DGmicrogliacon/protein_group_audits/gsea_go_term_gene_provenance.csv","c3b066e9039170a7320ccbc39132140c8d88a4c24b37ac4522a343e66b95d5e1","S:/Lab_Member/Tobi/Experiments/Exp9_Social-Stress/Analysis/proteomics/work/differential_abundance/run_clusterprofiler_enrichment/microglia/path_stage/6b64f40bbee1/gsea_go_term_gene_provenance.csv","c3b066e9039170a7320ccbc39132140c8d88a4c24b37ac4522a343e66b95d5e1",TRUE,22019534,22019534,195,TRUE
"microglia","term_gene_provenance_file","P:/data/processed/04_differential_expression_enrichment/clusterProfiler/microglia/phenotype_within_unit/DG_microglia/DGmicrogliasus_DGmicrogliacon/protein_group_audits/gsea_kegg_term_gene_provenance.csv","S:/Lab_Member/Tobi/Experiments/Exp9_Social-Stress/Analysis/proteomics/data/processed/04_differential_expression_enrichment/clusterProfiler/microglia/phenotype_within_unit/DG_microglia/DGmicrogliasus_DGmicrogliacon/protein_group_audits/gsea_kegg_term_gene_provenance.csv","e5c6cc117fec11a0e97891f50fc6616b45783f23a64d4da6091dbcf49b2c75ff","S:/Lab_Member/Tobi/Experiments/Exp9_Social-Stress/Analysis/proteomics/work/differential_abundance/run_clusterprofiler_enrichment/microglia/path_stage/ca0e2b7a2a6c/gsea_kegg_term_gene_provenance.csv","e5c6cc117fec11a0e97891f50fc6616b45783f23a64d4da6091dbcf49b2c75ff",TRUE,1439708,1439708,197,TRUE
"microglia","term_gene_provenance_file","P:/data/processed/04_differential_expression_enrichment/clusterProfiler/microglia/phenotype_within_unit/DG_microglia/DGmicrogliasus_DGmicrogliares/protein_group_audits/gsea_go_term_gene_provenance.csv","S:/Lab_Member/Tobi/Experiments/Exp9_Social-Stress/Analysis/proteomics/data/processed/04_differential_expression_enrichment/clusterProfiler/microglia/phenotype_within_unit/DG_microglia/DGmicrogliasus_DGmicrogliares/protein_group_audits/gsea_go_term_gene_provenance.csv","88994aa3fbade3bc026fa3e736e3547214cc41aeafb09e20e07ec4d87ceb1654","S:/Lab_Member/Tobi/Experiments/Exp9_Social-Stress/Analysis/proteomics/work/differential_abundance/run_clusterprofiler_enrichment/microglia/path_stage/dcadd3704f9e/gsea_go_term_gene_provenance.csv","88994aa3fbade3bc026fa3e736e3547214cc41aeafb09e20e07ec4d87ceb1654",TRUE,24842245,24842245,195,TRUE
"microglia","term_gene_provenance_file","P:/data/processed/04_differential_expression_enrichment/clusterProfiler/microglia/phenotype_within_unit/DG_microglia/DGmicrogliasus_DGmicrogliares/protein_group_audits/gsea_kegg_term_gene_provenance.csv","S:/Lab_Member/Tobi/Experiments/Exp9_Social-Stress/Analysis/proteomics/data/processed/04_differential_expression_enrichment/clusterProfiler/microglia/phenotype_within_unit/DG_microglia/DGmicrogliasus_DGmicrogliares/protein_group_audits/gsea_kegg_term_gene_provenance.csv","a82eee0a4ff03224f888467058fa54d200db95e314920812b4a48554c6080bf1","S:/Lab_Member/Tobi/Experiments/Exp9_Social-Stress/Analysis/proteomics/work/differential_abundance/run_clusterprofiler_enrichment/microglia/path_stage/2948c465dd27/gsea_kegg_term_gene_provenance.csv","a82eee0a4ff03224f888467058fa54d200db95e314920812b4a48554c6080bf1",TRUE,1449067,1449067,197,TRUE
"neuron_neuropil","term_gene_provenance_file","P:/data/processed/04_differential_expression_enrichment/clusterProfiler/neuron_neuropil/phenotype_within_unit/CA1_slm/CA1slmres_CA1slmcon/protein_group_audits/gsea_kegg_term_gene_provenance.csv","S:/Lab_Member/Tobi/Experiments/Exp9_Social-Stress/Analysis/proteomics/data/processed/04_differential_expression_enrichment/clusterProfiler/neuron_neuropil/phenotype_within_unit/CA1_slm/CA1slmres_CA1slmcon/protein_group_audits/gsea_kegg_term_gene_provenance.csv","28e185fca60b6fe88130da420070b0c8658305c94beab76bc514c8e7478f3eba","S:/Lab_Member/Tobi/Experiments/Exp9_Social-Stress/Analysis/proteomics/work/differential_abundance/run_clusterprofiler_enrichment/neuron_neuropil/path_stage/85408cd11d6a/gsea_kegg_term_gene_provenance.csv","28e185fca60b6fe88130da420070b0c8658305c94beab76bc514c8e7478f3eba",TRUE,1407807,1407807,203,TRUE
"neuron_neuropil","term_gene_provenance_file","P:/data/processed/04_differential_expression_enrichment/clusterProfiler/neuron_neuropil/phenotype_within_unit/CA1_slm/CA1slmsus_CA1slmcon/protein_group_audits/gsea_kegg_term_gene_provenance.csv","S:/Lab_Member/Tobi/Experiments/Exp9_Social-Stress/Analysis/proteomics/data/processed/04_differential_expression_enrichment/clusterProfiler/neuron_neuropil/phenotype_within_unit/CA1_slm/CA1slmsus_CA1slmcon/protein_group_audits/gsea_kegg_term_gene_provenance.csv","4babc243b38a8d6a51c4a74f494fa25955606c17f3c93b903c637dfc5b80c9c8","S:/Lab_Member/Tobi/Experiments/Exp9_Social-Stress/Analysis/proteomics/work/differential_abundance/run_clusterprofiler_enrichment/neuron_neuropil/path_stage/1d081c1bc18d/gsea_kegg_term_gene_provenance.csv","4babc243b38a8d6a51c4a74f494fa25955606c17f3c93b903c637dfc5b80c9c8",TRUE,1456892,1456892,203,TRUE
"neuron_neuropil","term_gene_provenance_file","P:/data/processed/04_differential_expression_enrichment/clusterProfiler/neuron_neuropil/phenotype_within_unit/CA1_slm/CA1slmsus_CA1slmres/protein_group_audits/gsea_kegg_term_gene_provenance.csv","S:/Lab_Member/Tobi/Experiments/Exp9_Social-Stress/Analysis/proteomics/data/processed/04_differential_expression_enrichment/clusterProfiler/neuron_neuropil/phenotype_within_unit/CA1_slm/CA1slmsus_CA1slmres/protein_group_audits/gsea_kegg_term_gene_provenance.csv","c135db5b3c29343759cc35e2d1b6a07e136699b2de7407c73e3b8c0329624d79","S:/Lab_Member/Tobi/Experiments/Exp9_Social-Stress/Analysis/proteomics/work/differential_abundance/run_clusterprofiler_enrichment/neuron_neuropil/path_stage/ed2888be7ff3/gsea_kegg_term_gene_provenance.csv","c135db5b3c29343759cc35e2d1b6a07e136699b2de7407c73e3b8c0329624d79",TRUE,1577328,1577328,203,TRUE
"neuron_neuropil","term_gene_provenance_file","P:/data/processed/04_differential_expression_enrichment/clusterProfiler/neuron_neuropil/phenotype_within_unit/CA2_slm/CA2slmres_CA2slmcon/protein_group_audits/gsea_kegg_term_gene_provenance.csv","S:/Lab_Member/Tobi/Experiments/Exp9_Social-Stress/Analysis/proteomics/data/processed/04_differential_expression_enrichment/clusterProfiler/neuron_neuropil/phenotype_within_unit/CA2_slm/CA2slmres_CA2slmcon/protein_group_audits/gsea_kegg_term_gene_provenance.csv","2cc38b17259edafd4612d6e4cd813b35455d47230a0da6a2a59e4112e32a0155","S:/Lab_Member/Tobi/Experiments/Exp9_Social-Stress/Analysis/proteomics/work/differential_abundance/run_clusterprofiler_enrichment/neuron_neuropil/path_stage/a796b321b2f5/gsea_kegg_term_gene_provenance.csv","2cc38b17259edafd4612d6e4cd813b35455d47230a0da6a2a59e4112e32a0155",TRUE,1260074,1260074,203,TRUE
"neuron_neuropil","term_gene_provenance_file","P:/data/processed/04_differential_expression_enrichment/clusterProfiler/neuron_neuropil/phenotype_within_unit/CA2_slm/CA2slmsus_CA2slmcon/protein_group_audits/gsea_kegg_term_gene_provenance.csv","S:/Lab_Member/Tobi/Experiments/Exp9_Social-Stress/Analysis/proteomics/data/processed/04_differential_expression_enrichment/clusterProfiler/neuron_neuropil/phenotype_within_unit/CA2_slm/CA2slmsus_CA2slmcon/protein_group_audits/gsea_kegg_term_gene_provenance.csv","ed49aa4d95c94cfc82aaceb271fa918856535d200ab5247a2b6d126961507654","S:/Lab_Member/Tobi/Experiments/Exp9_Social-Stress/Analysis/proteomics/work/differential_abundance/run_clusterprofiler_enrichment/neuron_neuropil/path_stage/d2f89d9e9dfa/gsea_kegg_term_gene_provenance.csv","ed49aa4d95c94cfc82aaceb271fa918856535d200ab5247a2b6d126961507654",TRUE,2437538,2437538,203,TRUE
"neuron_neuropil","term_gene_provenance_file","P:/data/processed/04_differential_expression_enrichment/clusterProfiler/neuron_neuropil/phenotype_within_unit/CA2_slm/CA2slmsus_CA2slmres/protein_group_audits/gsea_kegg_term_gene_provenance.csv","S:/Lab_Member/Tobi/Experiments/Exp9_Social-Stress/Analysis/proteomics/data/processed/04_differential_expression_enrichment/clusterProfiler/neuron_neuropil/phenotype_within_unit/CA2_slm/CA2slmsus_CA2slmres/protein_group_audits/gsea_kegg_term_gene_provenance.csv","b2084c8670e7ec1ced14e8d20a4be0d8edac5098d8c085bcf2833e617fcff0a7","S:/Lab_Member/Tobi/Experiments/Exp9_Social-Stress/Analysis/proteomics/work/differential_abundance/run_clusterprofiler_enrichment/neuron_neuropil/path_stage/5fd3f282d517/gsea_kegg_term_gene_provenance.csv","b2084c8670e7ec1ced14e8d20a4be0d8edac5098d8c085bcf2833e617fcff0a7",TRUE,2293004,2293004,203,TRUE
