"path","name","area","role","classification","registered_in_pipeline","declared_outputs","writes_publication_source_data","code_callers","test_references","listed_as_legacy","human_invoked_entrypoint","documented_in_docs"
"audits/integration/07_gsea_wgcna_concordance_correction_audit.R","07_gsea_wgcna_concordance_correction_audit.R","audits","AUDIT","ACTIVE_SUPPORT",FALSE,0,FALSE,3,0,TRUE,TRUE,TRUE
"audits/migration/generate_prerestructure_freeze.R","generate_prerestructure_freeze.R","audits","AUDIT","ACTIVE_SUPPORT",FALSE,0,FALSE,1,0,FALSE,TRUE,TRUE
"audits/part29/atlas_completeness.R","atlas_completeness.R","audits","AUDIT","ACTIVE_SUPPORT",FALSE,0,FALSE,1,0,FALSE,TRUE,TRUE
"audits/part29/atlas_lineage.R","atlas_lineage.R","audits","AUDIT","ACTIVE_SUPPORT",FALSE,0,FALSE,1,0,FALSE,TRUE,TRUE
"audits/part29/atlas_renderer_scale_audit.R","atlas_renderer_scale_audit.R","audits","AUDIT","ACTIVE_SUPPORT",FALSE,0,FALSE,1,0,FALSE,TRUE,TRUE
"audits/part29/bh_family_and_fgsea_floor_audit.R","bh_family_and_fgsea_floor_audit.R","audits","AUDIT","ACTIVE_SUPPORT",FALSE,0,FALSE,1,0,FALSE,TRUE,TRUE
"audits/part29/camera_feasibility.R","camera_feasibility.R","audits","AUDIT","ACTIVE_SUPPORT",FALSE,0,FALSE,1,0,FALSE,FALSE,TRUE
"audits/part29/camera_sensitivity.R","camera_sensitivity.R","audits","AUDIT","ACTIVE_SUPPORT",FALSE,0,FALSE,1,0,FALSE,FALSE,TRUE
"audits/part29/camera_summaries.R","camera_summaries.R","audits","AUDIT","ACTIVE_SUPPORT",FALSE,0,FALSE,1,0,FALSE,TRUE,TRUE
"audits/part29/canonical_gsea_contract_audit.R","canonical_gsea_contract_audit.R","audits","AUDIT","ACTIVE_SUPPORT",FALSE,0,FALSE,1,0,FALSE,FALSE,TRUE
"audits/part29/coverage_audit_sections_16_17_18.R","coverage_audit_sections_16_17_18.R","audits","AUDIT","ACTIVE_SUPPORT",FALSE,0,FALSE,1,0,FALSE,FALSE,TRUE
"audits/part29/decisions_and_lineage.R","decisions_and_lineage.R","audits","AUDIT","ACTIVE_SUPPORT",FALSE,0,FALSE,1,0,FALSE,TRUE,TRUE
"audits/part29/duplicate_gene_collapse_audit.R","duplicate_gene_collapse_audit.R","audits","AUDIT","ACTIVE_SUPPORT",FALSE,0,FALSE,1,0,FALSE,FALSE,TRUE
"audits/part29/final_atlas_docs.R","final_atlas_docs.R","audits","AUDIT","ACTIVE_SUPPORT",FALSE,0,FALSE,1,0,FALSE,TRUE,TRUE
"audits/part29/final_atlas_sanity.R","final_atlas_sanity.R","audits","AUDIT","ACTIVE_SUPPORT",FALSE,0,FALSE,1,0,FALSE,TRUE,TRUE
"audits/part29/gsea_contract_audit.R","gsea_contract_audit.R","audits","AUDIT","ACTIVE_SUPPORT",FALSE,0,FALSE,1,0,FALSE,FALSE,TRUE
"audits/part29/m11_activate.R","m11_activate.R","audits","AUDIT","ACTIVE_SUPPORT",FALSE,0,FALSE,1,0,FALSE,TRUE,TRUE
"audits/part29/registry_and_overlap.R","registry_and_overlap.R","audits","AUDIT","ACTIVE_SUPPORT",FALSE,0,FALSE,1,0,FALSE,TRUE,TRUE
"audits/part29/registry_v3_build.R","registry_v3_build.R","audits","AUDIT","ACTIVE_SUPPORT",FALSE,0,FALSE,1,0,FALSE,TRUE,TRUE
"audits/part29/registry_v3_promote.R","registry_v3_promote.R","audits","AUDIT","ACTIVE_SUPPORT",FALSE,0,FALSE,1,0,FALSE,TRUE,TRUE
"audits/part29/wgcna_registry_final_review.R","wgcna_registry_final_review.R","audits","AUDIT","ACTIVE_SUPPORT",FALSE,0,FALSE,1,0,FALSE,TRUE,TRUE
"audits/preprocessing/01b_animal_level_mapping_audit.r","01b_animal_level_mapping_audit.r","audits","AUDIT","ACTIVE_SUPPORT",FALSE,0,FALSE,3,0,TRUE,FALSE,TRUE
"audits/preprocessing/03b_directionality_audit_raw_vs_protigy.r","03b_directionality_audit_raw_vs_protigy.r","audits","AUDIT","ACTIVE_SUPPORT",FALSE,0,FALSE,3,0,TRUE,TRUE,TRUE
"audits/program_evidence/01_build_ledger.R","01_build_ledger.R","audits","AUDIT","ACTIVE_SUPPORT",FALSE,0,FALSE,1,0,FALSE,TRUE,TRUE
"audits/program_evidence/02_omitted_recheck.R","02_omitted_recheck.R","audits","AUDIT","ACTIVE_SUPPORT",FALSE,0,FALSE,1,0,FALSE,TRUE,TRUE
"audits/program_evidence/03_review_book.R","03_review_book.R","audits","AUDIT","ACTIVE_SUPPORT",FALSE,0,FALSE,1,0,FALSE,TRUE,TRUE
"audits/program_evidence/04_rules_and_chromatin.R","04_rules_and_chromatin.R","audits","AUDIT","ACTIVE_SUPPORT",FALSE,0,FALSE,1,0,FALSE,TRUE,TRUE
"audits/publication_hardening/00_checkpoint.R","00_checkpoint.R","audits","AUDIT","ACTIVE_SUPPORT",FALSE,0,FALSE,1,0,FALSE,TRUE,TRUE
"audits/publication_hardening/01_manuscript_contract.R","01_manuscript_contract.R","audits","AUDIT","ACTIVE_SUPPORT",FALSE,0,FALSE,2,0,FALSE,TRUE,TRUE
"audits/publication_hardening/02_statistical_audits.R","02_statistical_audits.R","audits","AUDIT","ACTIVE_SUPPORT",FALSE,0,FALSE,2,0,FALSE,TRUE,TRUE
"audits/publication_hardening/03_statistical_contract_doc.R","03_statistical_contract_doc.R","audits","AUDIT","ACTIVE_SUPPORT",FALSE,0,FALSE,2,0,FALSE,TRUE,TRUE
"audits/publication_hardening/04_architecture_inventory.R","04_architecture_inventory.R","audits","AUDIT","ACTIVE_SUPPORT",FALSE,0,FALSE,1,0,FALSE,TRUE,TRUE
"audits/publication_hardening/05_output_and_layer_review.R","05_output_and_layer_review.R","audits","AUDIT","ACTIVE_SUPPORT",FALSE,0,FALSE,1,0,FALSE,TRUE,TRUE
"audits/publication_hardening/06_target_structure_and_risk.R","06_target_structure_and_risk.R","audits","AUDIT","ACTIVE_SUPPORT",FALSE,0,FALSE,1,0,FALSE,TRUE,TRUE
"audits/publication_hardening/07_ph002_language_scan.R","07_ph002_language_scan.R","audits","AUDIT","ACTIVE_SUPPORT",FALSE,0,FALSE,1,0,FALSE,TRUE,TRUE
"audits/publication_hardening/08_ph002_delta_audit.R","08_ph002_delta_audit.R","audits","AUDIT","ACTIVE_SUPPORT",FALSE,0,FALSE,1,0,FALSE,TRUE,TRUE
"audits/publication_hardening/09_verification_state.R","09_verification_state.R","audits","AUDIT","ACTIVE_SUPPORT",FALSE,0,FALSE,2,0,FALSE,TRUE,TRUE
"audits/publication_hardening/10_manuscript_provenance.R","10_manuscript_provenance.R","audits","AUDIT","ACTIVE_SUPPORT",FALSE,0,FALSE,1,0,FALSE,TRUE,TRUE
"audits/publication_hardening/11_manuscript_phase2_contracts.R","11_manuscript_phase2_contracts.R","audits","AUDIT","ACTIVE_SUPPORT",FALSE,0,FALSE,1,0,FALSE,TRUE,TRUE
"audits/publication_hardening/12_manuscript_phase2_reviews.R","12_manuscript_phase2_reviews.R","audits","AUDIT","ACTIVE_SUPPORT",FALSE,0,FALSE,1,0,FALSE,TRUE,TRUE
"audits/spatial/spatial_v6_baseline_profile.R","spatial_v6_baseline_profile.R","audits","AUDIT","ACTIVE_SUPPORT",FALSE,0,FALSE,1,0,FALSE,TRUE,TRUE
"audits/verify_scientific_contracts.R","verify_scientific_contracts.R","audits","AUDIT","ACTIVE_SUPPORT",FALSE,0,FALSE,1,0,FALSE,TRUE,TRUE
"audits/wgcna/proteomics_wgcna_downstream_audit.R","proteomics_wgcna_downstream_audit.R","audits","AUDIT","ACTIVE_SUPPORT",FALSE,0,FALSE,5,0,TRUE,TRUE,TRUE
"analysis/differential_abundance/annotate_neuropil_reference.R","annotate_neuropil_reference.R","differential_abundance","ANALYSIS_ENTRYPOINT","CANONICAL_ENTRYPOINT",TRUE,1,FALSE,11,3,FALSE,TRUE,TRUE
"analysis/differential_abundance/audit_gsea_protein_direction.R","audit_gsea_protein_direction.R","differential_abundance","AUDIT","CANONICAL_ENTRYPOINT",TRUE,5,FALSE,10,1,FALSE,FALSE,TRUE
"analysis/differential_abundance/audit_stress_response_biology.R","audit_stress_response_biology.R","differential_abundance","SOURCE_DATA_EXPORTER","CANONICAL_ENTRYPOINT",TRUE,5,TRUE,10,2,FALSE,TRUE,TRUE
"analysis/differential_abundance/build_go_program_atlas.R","build_go_program_atlas.R","differential_abundance","SOURCE_DATA_EXPORTER","CANONICAL_ENTRYPOINT",TRUE,6,TRUE,13,4,FALSE,FALSE,TRUE
"analysis/differential_abundance/build_sus_res_dap_atlas.R","build_sus_res_dap_atlas.R","differential_abundance","SOURCE_DATA_EXPORTER","CANONICAL_ENTRYPOINT",TRUE,6,TRUE,14,1,FALSE,TRUE,TRUE
"analysis/differential_abundance/compare_external_stress_signatures.R","compare_external_stress_signatures.R","differential_abundance","SOURCE_DATA_EXPORTER","CANONICAL_ENTRYPOINT",TRUE,3,TRUE,9,1,FALSE,TRUE,TRUE
"analysis/differential_abundance/compare_go_enrichment.R","compare_go_enrichment.R","differential_abundance","ANALYSIS_ENTRYPOINT","CANONICAL_ENTRYPOINT",TRUE,2,FALSE,16,3,FALSE,FALSE,TRUE
"analysis/differential_abundance/run_clusterprofiler_enrichment.R","run_clusterprofiler_enrichment.R","differential_abundance","ANALYSIS_ENTRYPOINT","CANONICAL_ENTRYPOINT",TRUE,1,FALSE,15,5,FALSE,FALSE,TRUE
"analysis/differential_abundance/summarize_biological_programs.R","summarize_biological_programs.R","differential_abundance","ANALYSIS_ENTRYPOINT","CANONICAL_ENTRYPOINT",TRUE,1,FALSE,14,2,FALSE,TRUE,TRUE
"analysis/differential_abundance/test_microglia_targeted_signatures.R","test_microglia_targeted_signatures.R","differential_abundance","ANALYSIS_ENTRYPOINT","CANONICAL_ENTRYPOINT",TRUE,1,FALSE,12,2,FALSE,TRUE,TRUE
"analysis/differential_abundance/validate_control_spatial_identity.R","validate_control_spatial_identity.R","differential_abundance","SOURCE_DATA_EXPORTER","CANONICAL_ENTRYPOINT",TRUE,4,TRUE,12,2,FALSE,FALSE,TRUE
"analysis/enrichment/run_ewce_celltype_enrichment.R","run_ewce_celltype_enrichment.R","enrichment","ANALYSIS_ENTRYPOINT","CANONICAL_ENTRYPOINT",TRUE,5,FALSE,14,2,FALSE,FALSE,TRUE
"analysis/integration/audit_animal_id_integrity.R","audit_animal_id_integrity.R","integration","AUDIT","CANONICAL_ENTRYPOINT",TRUE,3,FALSE,9,0,FALSE,TRUE,TRUE
"analysis/integration/build_candidate_protein_shortlist.R","build_candidate_protein_shortlist.R","integration","SOURCE_DATA_EXPORTER","CANONICAL_ENTRYPOINT",TRUE,8,TRUE,10,2,FALSE,TRUE,TRUE
"analysis/integration/build_cross_compartment_atlas.R","build_cross_compartment_atlas.R","integration","SOURCE_DATA_EXPORTER","CANONICAL_ENTRYPOINT",TRUE,7,TRUE,12,2,FALSE,TRUE,TRUE
"analysis/integration/build_evidence_priority_matrix.R","build_evidence_priority_matrix.R","integration","SOURCE_DATA_EXPORTER","CANONICAL_ENTRYPOINT",TRUE,7,TRUE,13,1,FALSE,TRUE,TRUE
"analysis/integration/build_immunostaining_candidates.R","build_immunostaining_candidates.R","integration","SOURCE_DATA_EXPORTER","CANONICAL_ENTRYPOINT",TRUE,4,TRUE,9,0,FALSE,TRUE,TRUE
"analysis/integration/export_module_protein_zoom_source_data.R","export_module_protein_zoom_source_data.R","integration","SOURCE_DATA_EXPORTER","CANONICAL_ENTRYPOINT",TRUE,5,TRUE,11,2,FALSE,FALSE,TRUE
"analysis/integration/quantify_candidate_network_position.R","quantify_candidate_network_position.R","integration","SOURCE_DATA_EXPORTER","CANONICAL_ENTRYPOINT",TRUE,7,TRUE,11,1,FALSE,TRUE,TRUE
"analysis/integration/render_module_circular_atlas.R","render_module_circular_atlas.R","integration","SOURCE_DATA_EXPORTER","CANONICAL_ENTRYPOINT",TRUE,39,TRUE,11,3,FALSE,TRUE,TRUE
"analysis/integration/screen_immunostaining_panel.R","screen_immunostaining_panel.R","integration","SOURCE_DATA_EXPORTER","CANONICAL_ENTRYPOINT",TRUE,6,TRUE,9,0,FALSE,TRUE,TRUE
"analysis/integration/screen_immunostaining_separation.R","screen_immunostaining_separation.R","integration","SOURCE_DATA_EXPORTER","CANONICAL_ENTRYPOINT",TRUE,6,TRUE,9,0,FALSE,TRUE,TRUE
"analysis/integration/summarize_enrichment_module_concordance.R","summarize_enrichment_module_concordance.R","integration","SOURCE_DATA_EXPORTER","CANONICAL_ENTRYPOINT",TRUE,4,TRUE,10,2,FALSE,TRUE,TRUE
"analysis/integration/summarize_module_cross_compartment.R","summarize_module_cross_compartment.R","integration","SOURCE_DATA_EXPORTER","CANONICAL_ENTRYPOINT",TRUE,5,TRUE,10,2,FALSE,TRUE,TRUE
"analysis/integration/summarize_programs_for_manuscript.R","summarize_programs_for_manuscript.R","integration","SOURCE_DATA_EXPORTER","CANONICAL_ENTRYPOINT",TRUE,3,TRUE,11,1,FALSE,TRUE,TRUE
"analysis/integration/test_behaviour_proteomics_associations.R","test_behaviour_proteomics_associations.R","integration","ANALYSIS_ENTRYPOINT","CANONICAL_ENTRYPOINT",TRUE,3,FALSE,15,1,FALSE,FALSE,TRUE
"analysis/integration/test_enrichment_module_concordance.R","test_enrichment_module_concordance.R","integration","SOURCE_DATA_EXPORTER","CANONICAL_ENTRYPOINT",TRUE,10,TRUE,14,1,FALSE,TRUE,TRUE
"analysis/integration/test_module_behaviour_coupling.R","test_module_behaviour_coupling.R","integration","SOURCE_DATA_EXPORTER","CANONICAL_ENTRYPOINT",TRUE,3,TRUE,10,3,FALSE,TRUE,TRUE
"analysis/integration/test_network_behaviour_coupling.R","test_network_behaviour_coupling.R","integration","ANALYSIS_ENTRYPOINT","CANONICAL_ENTRYPOINT",TRUE,2,FALSE,16,3,FALSE,FALSE,TRUE
"analysis/preprocessing/build_animal_level_protigy_input.R","build_animal_level_protigy_input.R","preprocessing","SUPPORT_SCRIPT","ACTIVE_SUPPORT",FALSE,0,FALSE,4,0,TRUE,TRUE,TRUE
"analysis/preprocessing/build_joint_protigy_input.R","build_joint_protigy_input.R","preprocessing","ANALYSIS_ENTRYPOINT","CANONICAL_ENTRYPOINT",TRUE,4,FALSE,12,1,FALSE,TRUE,TRUE
"analysis/preprocessing/build_module_score_metadata.R","build_module_score_metadata.R","preprocessing","ANALYSIS_ENTRYPOINT","CANONICAL_ENTRYPOINT",TRUE,4,FALSE,16,1,FALSE,FALSE,TRUE
"analysis/preprocessing/extract_protigy_contrasts.R","extract_protigy_contrasts.R","preprocessing","ANALYSIS_ENTRYPOINT","CANONICAL_ENTRYPOINT",TRUE,3,FALSE,12,1,FALSE,FALSE,TRUE
"analysis/preprocessing/map_protein_identifiers.R","map_protein_identifiers.R","preprocessing","ANALYSIS_ENTRYPOINT","CANONICAL_ENTRYPOINT",TRUE,2,FALSE,14,2,FALSE,FALSE,TRUE
"analysis/publication_source_data/08_export_manuscript_figures.R","08_export_manuscript_figures.R","publication_source_data","ANALYSIS_ENTRYPOINT","CANONICAL_ENTRYPOINT",TRUE,6,FALSE,16,3,FALSE,TRUE,TRUE
"analysis/publication_source_data/09_export_source_data.R","09_export_source_data.R","publication_source_data","ANALYSIS_ENTRYPOINT","CANONICAL_ENTRYPOINT",TRUE,3,FALSE,18,4,FALSE,TRUE,TRUE
"analysis/publication_source_data/build_biological_claims_table.R","build_biological_claims_table.R","publication_source_data","ANALYSIS_ENTRYPOINT","CANONICAL_ENTRYPOINT",TRUE,4,FALSE,17,2,FALSE,TRUE,TRUE
"analysis/publication_source_data/build_methods_summary.R","build_methods_summary.R","publication_source_data","ANALYSIS_ENTRYPOINT","CANONICAL_ENTRYPOINT",TRUE,4,FALSE,9,0,FALSE,TRUE,TRUE
"analysis/publication_source_data/build_pride_manifest.R","build_pride_manifest.R","publication_source_data","ANALYSIS_ENTRYPOINT","CANONICAL_ENTRYPOINT",TRUE,1,FALSE,11,2,FALSE,TRUE,TRUE
"analysis/publication_source_data/build_sample_metadata.R","build_sample_metadata.R","publication_source_data","ANALYSIS_ENTRYPOINT","CANONICAL_ENTRYPOINT",TRUE,2,FALSE,9,0,FALSE,TRUE,TRUE
"analysis/publication_source_data/build_supplementary_tables.R","build_supplementary_tables.R","publication_source_data","ANALYSIS_ENTRYPOINT","CANONICAL_ENTRYPOINT",TRUE,1,FALSE,12,3,FALSE,TRUE,TRUE
"analysis/publication_source_data/export_processed_matrices.R","export_processed_matrices.R","publication_source_data","ANALYSIS_ENTRYPOINT","CANONICAL_ENTRYPOINT",TRUE,2,FALSE,9,2,FALSE,TRUE,TRUE
"analysis/publication_source_data/RUN_EXPORT.R","RUN_EXPORT.R","publication_source_data","SUPPORT_SCRIPT","ACTIVE_SUPPORT",FALSE,0,FALSE,9,1,TRUE,TRUE,TRUE
"analysis/publication_source_data/validate_pride_submission.R","validate_pride_submission.R","publication_source_data","ANALYSIS_ENTRYPOINT","CANONICAL_ENTRYPOINT",TRUE,2,FALSE,11,2,FALSE,TRUE,TRUE
"analysis/qc/assess_dataset_quality.R","assess_dataset_quality.R","qc","ANALYSIS_ENTRYPOINT","CANONICAL_ENTRYPOINT",TRUE,2,FALSE,11,0,FALSE,TRUE,TRUE
"analysis/qc/assess_joint_compartment_quality.R","assess_joint_compartment_quality.R","qc","ANALYSIS_ENTRYPOINT","CANONICAL_ENTRYPOINT",TRUE,4,FALSE,12,1,FALSE,TRUE,TRUE
"analysis/qc/assess_marker_rank_abundance.R","assess_marker_rank_abundance.R","qc","ANALYSIS_ENTRYPOINT","CANONICAL_ENTRYPOINT",TRUE,1,FALSE,12,2,FALSE,FALSE,TRUE
"analysis/qc/assess_pca_confounding.R","assess_pca_confounding.R","qc","ANALYSIS_ENTRYPOINT","CANONICAL_ENTRYPOINT",TRUE,1,FALSE,12,0,FALSE,FALSE,TRUE
"analysis/qc/assess_replicate_consistency.R","assess_replicate_consistency.R","qc","ANALYSIS_ENTRYPOINT","CANONICAL_ENTRYPOINT",TRUE,1,FALSE,11,0,FALSE,FALSE,TRUE
"analysis/qc/assess_sample_quality.R","assess_sample_quality.R","qc","ANALYSIS_ENTRYPOINT","CANONICAL_ENTRYPOINT",TRUE,2,FALSE,12,0,FALSE,FALSE,TRUE
"analysis/qc/build_reference_marker_registry.R","build_reference_marker_registry.R","qc","ANALYSIS_ENTRYPOINT","CANONICAL_ENTRYPOINT",TRUE,2,FALSE,12,1,FALSE,TRUE,TRUE
"analysis/qc/discover_empirical_roi_markers.R","discover_empirical_roi_markers.R","qc","ANALYSIS_ENTRYPOINT","CANONICAL_ENTRYPOINT",TRUE,1,FALSE,11,2,FALSE,TRUE,TRUE
"analysis/qc/export_marker_traits.R","export_marker_traits.R","qc","ANALYSIS_ENTRYPOINT","CANONICAL_ENTRYPOINT",TRUE,1,FALSE,10,2,FALSE,TRUE,TRUE
"analysis/qc/partition_variance.R","partition_variance.R","qc","ANALYSIS_ENTRYPOINT","CANONICAL_ENTRYPOINT",TRUE,2,FALSE,12,0,FALSE,FALSE,TRUE
"analysis/qc/render_compartment_abundance_figures.R","render_compartment_abundance_figures.R","qc","SOURCE_DATA_EXPORTER","CANONICAL_ENTRYPOINT",TRUE,3,TRUE,12,0,FALSE,TRUE,TRUE
"analysis/qc/render_joint_compartment_qc_figures.R","render_joint_compartment_qc_figures.R","qc","ANALYSIS_ENTRYPOINT","CANONICAL_ENTRYPOINT",TRUE,5,FALSE,10,1,FALSE,TRUE,TRUE
"analysis/qc/summarize_marker_detectability.R","summarize_marker_detectability.R","qc","ANALYSIS_ENTRYPOINT","CANONICAL_ENTRYPOINT",TRUE,1,FALSE,11,1,FALSE,FALSE,TRUE
"analysis/qc/summarize_missingness.R","summarize_missingness.R","qc","ANALYSIS_ENTRYPOINT","CANONICAL_ENTRYPOINT",TRUE,1,FALSE,13,1,FALSE,FALSE,TRUE
"analysis/qc/summarize_qc_confounding.R","summarize_qc_confounding.R","qc","ANALYSIS_ENTRYPOINT","CANONICAL_ENTRYPOINT",TRUE,1,FALSE,11,0,FALSE,FALSE,TRUE
"R/data_contracts/animal_id_contract.R","animal_id_contract.R","R","REUSABLE_LIBRARY","ACTIVE_SUPPORT",FALSE,0,FALSE,4,1,FALSE,FALSE,TRUE
"R/data_contracts/dataset_config.R","dataset_config.R","R","REUSABLE_LIBRARY","ACTIVE_SUPPORT",FALSE,0,FALSE,93,20,FALSE,FALSE,TRUE
"R/data_contracts/dataset_inputs.R","dataset_inputs.R","R","REUSABLE_LIBRARY","ACTIVE_SUPPORT",FALSE,0,FALSE,30,5,FALSE,FALSE,TRUE
"R/data_contracts/mapping_branch_utils.R","mapping_branch_utils.R","R","REUSABLE_LIBRARY","ACTIVE_SUPPORT",FALSE,0,FALSE,3,1,FALSE,FALSE,TRUE
"R/data_contracts/module_contracts.R","module_contracts.R","R","REUSABLE_LIBRARY","ACTIVE_SUPPORT",FALSE,0,FALSE,15,8,FALSE,FALSE,TRUE
"R/data_contracts/protein_mapping_utils.R","protein_mapping_utils.R","R","REUSABLE_LIBRARY","ACTIVE_SUPPORT",FALSE,0,FALSE,8,4,FALSE,FALSE,TRUE
"R/data_contracts/protigy_input_utils.R","protigy_input_utils.R","R","REUSABLE_LIBRARY","ACTIVE_SUPPORT",FALSE,0,FALSE,8,2,FALSE,FALSE,TRUE
"R/data_contracts/protigy_stat_gct_utils.R","protigy_stat_gct_utils.R","R","REUSABLE_LIBRARY","ACTIVE_SUPPORT",FALSE,0,FALSE,2,1,FALSE,FALSE,TRUE
"R/data_contracts/publication_freeze_utils.R","publication_freeze_utils.R","R","REUSABLE_LIBRARY","ACTIVE_SUPPORT",FALSE,0,FALSE,3,2,FALSE,FALSE,TRUE
"R/data_contracts/spatial_systems_data_utils.R","spatial_systems_data_utils.R","R","REUSABLE_LIBRARY","ACTIVE_SUPPORT",FALSE,0,FALSE,13,1,FALSE,FALSE,TRUE
"R/data_contracts/spatial_systems_endpoint_utils.R","spatial_systems_endpoint_utils.R","R","REUSABLE_LIBRARY","ACTIVE_SUPPORT",FALSE,0,FALSE,3,1,FALSE,FALSE,TRUE
"R/data_contracts/spatial_systems_evidence_registry.R","spatial_systems_evidence_registry.R","R","REUSABLE_LIBRARY","ACTIVE_SUPPORT",FALSE,0,FALSE,3,1,FALSE,FALSE,TRUE
"R/enrichment/clusterprofiler_reproducibility.R","clusterprofiler_reproducibility.R","R","REUSABLE_LIBRARY","ACTIVE_SUPPORT",FALSE,0,FALSE,7,3,FALSE,FALSE,TRUE
"R/enrichment/enrichment_io.R","enrichment_io.R","R","REUSABLE_LIBRARY","ACTIVE_SUPPORT",FALSE,0,FALSE,19,6,FALSE,FALSE,TRUE
"R/enrichment/enrichment_plots.R","enrichment_plots.R","R","REUSABLE_LIBRARY","ACTIVE_SUPPORT",FALSE,0,FALSE,4,0,FALSE,FALSE,TRUE
"R/enrichment/ewce_contract_utils.R","ewce_contract_utils.R","R","REUSABLE_LIBRARY","ACTIVE_SUPPORT",FALSE,0,FALSE,2,2,FALSE,FALSE,TRUE
"R/enrichment/ewce_gene_set_engine.R","ewce_gene_set_engine.R","R","REUSABLE_LIBRARY","ACTIVE_SUPPORT",FALSE,0,FALSE,7,3,FALSE,FALSE,TRUE
"R/enrichment/gsea_wgcna_concordance_diagnostic_utils.R","gsea_wgcna_concordance_diagnostic_utils.R","R","REUSABLE_LIBRARY","ACTIVE_SUPPORT",FALSE,0,FALSE,2,1,FALSE,FALSE,TRUE
"R/enrichment/gsea_wgcna_concordance_utils.R","gsea_wgcna_concordance_utils.R","R","REUSABLE_LIBRARY","ACTIVE_SUPPORT",FALSE,0,FALSE,4,9,FALSE,FALSE,TRUE
"R/enrichment/manuscript_go_theme_utils.R","manuscript_go_theme_utils.R","R","REUSABLE_LIBRARY","ACTIVE_SUPPORT",FALSE,0,FALSE,6,5,FALSE,FALSE,TRUE
"R/enrichment/microglia_targeted_signature_utils.R","microglia_targeted_signature_utils.R","R","REUSABLE_LIBRARY","ACTIVE_SUPPORT",FALSE,0,FALSE,2,1,FALSE,FALSE,TRUE
"R/enrichment/protein_group_enrichment_utils.R","protein_group_enrichment_utils.R","R","REUSABLE_LIBRARY","ACTIVE_SUPPORT",FALSE,0,FALSE,6,3,FALSE,FALSE,TRUE
"R/networks/animal_spatial_network_utils.R","animal_spatial_network_utils.R","R","REUSABLE_LIBRARY","ACTIVE_SUPPORT",FALSE,0,FALSE,4,1,FALSE,FALSE,TRUE
"R/networks/spatial_network_utils.R","spatial_network_utils.R","R","REUSABLE_LIBRARY","ACTIVE_SUPPORT",FALSE,0,FALSE,8,1,FALSE,FALSE,TRUE
"R/networks/wgcna_network_position_utils.R","wgcna_network_position_utils.R","R","REUSABLE_LIBRARY","ACTIVE_SUPPORT",FALSE,0,FALSE,2,1,FALSE,FALSE,TRUE
"R/null_coalescing.R","null_coalescing.R","R","REUSABLE_LIBRARY","ACTIVE_SUPPORT",FALSE,0,FALSE,13,1,FALSE,FALSE,TRUE
"R/paths.R","paths.R","R","REUSABLE_LIBRARY","ACTIVE_SUPPORT",FALSE,0,FALSE,163,102,FALSE,FALSE,TRUE
"R/qc/compartment_abundance_utils.R","compartment_abundance_utils.R","R","REUSABLE_LIBRARY","ACTIVE_SUPPORT",FALSE,0,FALSE,3,2,FALSE,FALSE,TRUE
"R/qc/control_compartment_abundance_rendering.R","control_compartment_abundance_rendering.R","R","REUSABLE_LIBRARY","ACTIVE_SUPPORT",FALSE,0,FALSE,2,1,FALSE,FALSE,TRUE
"R/qc/control_compartment_abundance_workflow.R","control_compartment_abundance_workflow.R","R","REUSABLE_LIBRARY","ACTIVE_SUPPORT",FALSE,0,FALSE,2,1,FALSE,FALSE,TRUE
"R/qc/empirical_roi_marker_utils.R","empirical_roi_marker_utils.R","R","REUSABLE_LIBRARY","ACTIVE_SUPPORT",FALSE,0,FALSE,4,1,FALSE,FALSE,TRUE
"R/qc/joint_compartment_qc_plotting.R","joint_compartment_qc_plotting.R","R","REUSABLE_LIBRARY","ACTIVE_SUPPORT",FALSE,0,FALSE,3,2,FALSE,FALSE,TRUE
"R/qc/joint_compartment_qc_utils.R","joint_compartment_qc_utils.R","R","REUSABLE_LIBRARY","ACTIVE_SUPPORT",FALSE,0,FALSE,4,1,FALSE,FALSE,TRUE
"R/qc/qc_exploration_utils.R","qc_exploration_utils.R","R","REUSABLE_LIBRARY","ACTIVE_SUPPORT",FALSE,0,FALSE,27,2,FALSE,FALSE,TRUE
"R/spatial/ca2_slm_robustness_utils.R","ca2_slm_robustness_utils.R","R","REUSABLE_LIBRARY","ACTIVE_SUPPORT",FALSE,0,FALSE,4,1,FALSE,FALSE,TRUE
"R/spatial/control_spatial_identity_utils.R","control_spatial_identity_utils.R","R","REUSABLE_LIBRARY","ACTIVE_SUPPORT",FALSE,0,FALSE,7,2,FALSE,FALSE,TRUE
"R/spatial/spatial_atlas_utils.R","spatial_atlas_utils.R","R","REUSABLE_LIBRARY","ACTIVE_SUPPORT",FALSE,0,FALSE,11,1,FALSE,FALSE,TRUE
"R/spatial/spatial_systems_bilateral_utils.R","spatial_systems_bilateral_utils.R","R","REUSABLE_LIBRARY","ACTIVE_SUPPORT",FALSE,0,FALSE,6,1,FALSE,FALSE,TRUE
"R/statistics/evidence_bundle_utils.R","evidence_bundle_utils.R","R","REUSABLE_LIBRARY","ACTIVE_SUPPORT",FALSE,0,FALSE,4,2,FALSE,FALSE,TRUE
"R/statistics/integration_utils.R","integration_utils.R","R","REUSABLE_LIBRARY","ACTIVE_SUPPORT",FALSE,0,FALSE,37,2,FALSE,FALSE,TRUE
"R/statistics/module_semantic_utils.R","module_semantic_utils.R","R","REUSABLE_LIBRARY","ACTIVE_SUPPORT",FALSE,0,FALSE,7,3,FALSE,FALSE,TRUE
"R/statistics/module_stats.R","module_stats.R","R","REUSABLE_LIBRARY","ACTIVE_SUPPORT",FALSE,0,FALSE,6,0,FALSE,FALSE,TRUE
"R/statistics/pride_helpers.R","pride_helpers.R","R","REUSABLE_LIBRARY","ACTIVE_SUPPORT",FALSE,0,FALSE,4,3,FALSE,FALSE,TRUE
"R/statistics/stress_response_biological_audit_utils.R","stress_response_biological_audit_utils.R","R","REUSABLE_LIBRARY","ACTIVE_SUPPORT",FALSE,0,FALSE,2,1,FALSE,FALSE,TRUE
"R/statistics/sus_res_biological_audit_workbook.R","sus_res_biological_audit_workbook.R","R","REUSABLE_LIBRARY","ACTIVE_SUPPORT",FALSE,0,FALSE,2,1,FALSE,FALSE,TRUE
"R/statistics/sus_res_spatial_dap_atlas_utils.R","sus_res_spatial_dap_atlas_utils.R","R","REUSABLE_LIBRARY","ACTIVE_SUPPORT",FALSE,0,FALSE,10,3,FALSE,FALSE,TRUE
"R/statistics/wgcna_candidate_protein_utils.R","wgcna_candidate_protein_utils.R","R","REUSABLE_LIBRARY","ACTIVE_SUPPORT",FALSE,0,FALSE,5,1,FALSE,FALSE,TRUE
"R/statistics/wgcna_claim_readiness_utils.R","wgcna_claim_readiness_utils.R","R","REUSABLE_LIBRARY","ACTIVE_SUPPORT",FALSE,0,FALSE,7,1,FALSE,FALSE,TRUE
"R/statistics/wgcna_downstream_utils.R","wgcna_downstream_utils.R","R","REUSABLE_LIBRARY","ACTIVE_SUPPORT",FALSE,0,FALSE,23,14,FALSE,FALSE,TRUE
"R/statistics/wgcna_go_comparison_utils.R","wgcna_go_comparison_utils.R","R","REUSABLE_LIBRARY","ACTIVE_SUPPORT",FALSE,0,FALSE,2,1,FALSE,FALSE,TRUE
"R/statistics/wgcna_group_effect_consumer_utils.R","wgcna_group_effect_consumer_utils.R","R","REUSABLE_LIBRARY","ACTIVE_SUPPORT",FALSE,0,FALSE,15,3,FALSE,FALSE,TRUE
"R/statistics/wgcna_group_effects_utils.R","wgcna_group_effects_utils.R","R","REUSABLE_LIBRARY","ACTIVE_SUPPORT",FALSE,0,FALSE,4,9,FALSE,FALSE,TRUE
"R/statistics/wgcna_identity_contract_utils.R","wgcna_identity_contract_utils.R","R","REUSABLE_LIBRARY","ACTIVE_SUPPORT",FALSE,0,FALSE,4,5,FALSE,FALSE,TRUE
"R/statistics/wgcna_label_activation_utils.R","wgcna_label_activation_utils.R","R","REUSABLE_LIBRARY","ACTIVE_SUPPORT",FALSE,0,FALSE,3,1,FALSE,FALSE,TRUE
"R/statistics/wgcna_label_adjudication_utils.R","wgcna_label_adjudication_utils.R","R","REUSABLE_LIBRARY","ACTIVE_SUPPORT",FALSE,0,FALSE,3,2,FALSE,FALSE,TRUE
"R/statistics/wgcna_label_coherence_utils.R","wgcna_label_coherence_utils.R","R","REUSABLE_LIBRARY","ACTIVE_SUPPORT",FALSE,0,FALSE,2,1,FALSE,FALSE,TRUE
"R/statistics/wgcna_labeling_utils.R","wgcna_labeling_utils.R","R","REUSABLE_LIBRARY","ACTIVE_SUPPORT",FALSE,0,FALSE,9,2,FALSE,FALSE,TRUE
"R/statistics/wgcna_reviewed_label_registry.R","wgcna_reviewed_label_registry.R","R","REUSABLE_LIBRARY","ACTIVE_SUPPORT",FALSE,0,FALSE,7,2,FALSE,FALSE,TRUE
"R/statistics/wgcna_support_status_utils.R","wgcna_support_status_utils.R","R","REUSABLE_LIBRARY","ACTIVE_SUPPORT",FALSE,0,FALSE,4,1,FALSE,FALSE,TRUE
"R/utilities/export_helpers.R","export_helpers.R","R","REUSABLE_LIBRARY","ACTIVE_SUPPORT",FALSE,0,FALSE,15,7,FALSE,FALSE,TRUE
"R/utilities/output_namespace_utils.R","output_namespace_utils.R","R","REUSABLE_LIBRARY","ACTIVE_SUPPORT",FALSE,0,FALSE,3,1,FALSE,FALSE,TRUE
"R/utilities/pipeline_registry.R","pipeline_registry.R","R","REUSABLE_LIBRARY","ACTIVE_SUPPORT",FALSE,0,FALSE,11,5,FALSE,FALSE,TRUE
"R/utilities/plotting_nature.R","plotting_nature.R","R","REUSABLE_LIBRARY","ACTIVE_SUPPORT",FALSE,0,FALSE,16,4,FALSE,FALSE,TRUE
"R/utilities/renv_lock_audit.R","renv_lock_audit.R","R","REUSABLE_LIBRARY","ACTIVE_SUPPORT",FALSE,0,FALSE,6,1,FALSE,FALSE,TRUE
"R/utilities/schema_validation.R","schema_validation.R","R","REUSABLE_LIBRARY","ACTIVE_SUPPORT",FALSE,0,FALSE,10,4,FALSE,FALSE,TRUE
"R/utilities/script_runtime.R","script_runtime.R","R","REUSABLE_LIBRARY","ACTIVE_SUPPORT",FALSE,0,FALSE,11,0,FALSE,FALSE,TRUE
"R/utilities/validation_utils.R","validation_utils.R","R","REUSABLE_LIBRARY","ACTIVE_SUPPORT",FALSE,0,FALSE,19,4,FALSE,FALSE,TRUE
"R/utilities/xlsx_package_utils.R","xlsx_package_utils.R","R","REUSABLE_LIBRARY","ACTIVE_SUPPORT",FALSE,0,FALSE,8,1,FALSE,FALSE,TRUE
"analysis/spatial_networks/build_differential_networks.R","build_differential_networks.R","spatial_networks","ANALYSIS_ENTRYPOINT","CANONICAL_ENTRYPOINT",TRUE,3,FALSE,12,1,FALSE,FALSE,TRUE
"analysis/spatial_networks/build_spatial_networks.R","build_spatial_networks.R","spatial_networks","ANALYSIS_ENTRYPOINT","CANONICAL_ENTRYPOINT",TRUE,1,FALSE,10,4,FALSE,FALSE,TRUE
"analysis/spatial_networks/render_differential_network_figures.R","render_differential_network_figures.R","spatial_networks","ANALYSIS_ENTRYPOINT","CANONICAL_ENTRYPOINT",TRUE,1,FALSE,12,1,FALSE,FALSE,TRUE
"analysis/spatial_networks/render_network_chord_diagram.R","render_network_chord_diagram.R","spatial_networks","ANALYSIS_ENTRYPOINT","CANONICAL_ENTRYPOINT",TRUE,1,FALSE,11,1,FALSE,FALSE,TRUE
"analysis/spatial_networks/test_differential_network_stability.R","test_differential_network_stability.R","spatial_networks","ANALYSIS_ENTRYPOINT","CANONICAL_ENTRYPOINT",TRUE,1,FALSE,12,1,FALSE,FALSE,TRUE
"analysis/spatial_networks/test_network_stability.R","test_network_stability.R","spatial_networks","ANALYSIS_ENTRYPOINT","CANONICAL_ENTRYPOINT",TRUE,1,FALSE,12,1,FALSE,FALSE,TRUE
"analysis/spatial_validation/annotate_module_celltypes.R","annotate_module_celltypes.R","spatial_validation","ANALYSIS_ENTRYPOINT","CANONICAL_ENTRYPOINT",TRUE,2,FALSE,10,0,FALSE,TRUE,TRUE
"analysis/spatial_validation/audit_ca2_slm_robustness.R","audit_ca2_slm_robustness.R","spatial_validation","AUDIT","CANONICAL_ENTRYPOINT",TRUE,6,FALSE,11,1,FALSE,TRUE,TRUE
"analysis/spatial_validation/audit_stress_identity_robustness.R","audit_stress_identity_robustness.R","spatial_validation","AUDIT","CANONICAL_ENTRYPOINT",TRUE,7,FALSE,11,1,FALSE,TRUE,TRUE
"analysis/spatial_validation/build_animal_spatial_networks.R","build_animal_spatial_networks.R","spatial_validation","ANALYSIS_ENTRYPOINT","CANONICAL_ENTRYPOINT",TRUE,7,FALSE,10,1,FALSE,TRUE,TRUE
"analysis/spatial_validation/build_module_spatial_atlas.R","build_module_spatial_atlas.R","spatial_validation","ANALYSIS_ENTRYPOINT","CANONICAL_ENTRYPOINT",TRUE,10,FALSE,9,1,FALSE,TRUE,TRUE
"analysis/spatial_validation/build_protein_spatial_atlas.R","build_protein_spatial_atlas.R","spatial_validation","ANALYSIS_ENTRYPOINT","CANONICAL_ENTRYPOINT",TRUE,3,FALSE,11,1,FALSE,TRUE,TRUE
"analysis/spatial_validation/build_spatial_data_contract.R","build_spatial_data_contract.R","spatial_validation","ANALYSIS_ENTRYPOINT","CANONICAL_ENTRYPOINT",TRUE,3,FALSE,9,0,FALSE,TRUE,TRUE
"analysis/spatial_validation/decompose_bilateral_variance.R","decompose_bilateral_variance.R","spatial_validation","ANALYSIS_ENTRYPOINT","CANONICAL_ENTRYPOINT",TRUE,2,FALSE,9,0,FALSE,TRUE,TRUE
"analysis/spatial_validation/quantify_bilateral_spatial_identity.R","quantify_bilateral_spatial_identity.R","spatial_validation","ANALYSIS_ENTRYPOINT","CANONICAL_ENTRYPOINT",TRUE,2,FALSE,11,0,FALSE,TRUE,TRUE
"analysis/spatial_validation/quantify_empirical_compartments.R","quantify_empirical_compartments.R","spatial_validation","ANALYSIS_ENTRYPOINT","CANONICAL_ENTRYPOINT",TRUE,3,FALSE,10,0,FALSE,TRUE,TRUE
"analysis/spatial_validation/quantify_module_bilateral_identity.R","quantify_module_bilateral_identity.R","spatial_validation","ANALYSIS_ENTRYPOINT","CANONICAL_ENTRYPOINT",TRUE,3,FALSE,10,0,FALSE,TRUE,TRUE
"analysis/spatial_validation/quantify_neuropil_detection_context.R","quantify_neuropil_detection_context.R","spatial_validation","ANALYSIS_ENTRYPOINT","CANONICAL_ENTRYPOINT",TRUE,1,FALSE,9,1,FALSE,TRUE,TRUE
"analysis/spatial_validation/quantify_neuropil_precision.R","quantify_neuropil_precision.R","spatial_validation","ANALYSIS_ENTRYPOINT","CANONICAL_ENTRYPOINT",TRUE,2,FALSE,9,0,FALSE,TRUE,TRUE
"analysis/spatial_validation/summarize_ca2_slm_robustness.R","summarize_ca2_slm_robustness.R","spatial_validation","ANALYSIS_ENTRYPOINT","CANONICAL_ENTRYPOINT",TRUE,3,FALSE,9,0,FALSE,TRUE,TRUE
"analysis/spatial_validation/summarize_spatial_atlas.R","summarize_spatial_atlas.R","spatial_validation","ANALYSIS_ENTRYPOINT","CANONICAL_ENTRYPOINT",TRUE,3,FALSE,9,0,FALSE,TRUE,TRUE
"analysis/spatial_validation/test_network_group_organization.R","test_network_group_organization.R","spatial_validation","ANALYSIS_ENTRYPOINT","CANONICAL_ENTRYPOINT",TRUE,12,FALSE,9,1,FALSE,TRUE,TRUE
"analysis/spatial_validation/validate_network_workbook.R","validate_network_workbook.R","spatial_validation","ANALYSIS_ENTRYPOINT","CANONICAL_ENTRYPOINT",TRUE,5,FALSE,9,0,FALSE,TRUE,TRUE
"analysis/spatial_validation/validate_spatial_foundations.R","validate_spatial_foundations.R","spatial_validation","ANALYSIS_ENTRYPOINT","CANONICAL_ENTRYPOINT",TRUE,1,FALSE,9,0,FALSE,TRUE,TRUE
"tools/audit_active_scripts.R","audit_active_scripts.R","tools","REPOSITORY_TOOL","ACTIVE_SUPPORT",FALSE,0,FALSE,4,0,FALSE,FALSE,TRUE
"tools/audit_control_spatial_gsea_reproducibility.R","audit_control_spatial_gsea_reproducibility.R","tools","REPOSITORY_TOOL","ACTIVE_SUPPORT",FALSE,0,FALSE,1,0,FALSE,TRUE,TRUE
"tools/audit_cross_repo_boundary.R","audit_cross_repo_boundary.R","tools","REPOSITORY_TOOL","ACTIVE_SUPPORT",FALSE,0,FALSE,1,0,FALSE,TRUE,TRUE
"tools/audit_output_namespaces.R","audit_output_namespaces.R","tools","REPOSITORY_TOOL","ACTIVE_SUPPORT",FALSE,0,FALSE,2,0,FALSE,TRUE,TRUE
"tools/audit_renv_lock.R","audit_renv_lock.R","tools","REPOSITORY_TOOL","ACTIVE_SUPPORT",FALSE,0,FALSE,3,0,FALSE,TRUE,TRUE
"tools/audit_wgcna_support_status.R","audit_wgcna_support_status.R","tools","REPOSITORY_TOOL","ACTIVE_SUPPORT",FALSE,0,FALSE,1,0,FALSE,TRUE,TRUE
"tools/build_restructure_migration_map.R","build_restructure_migration_map.R","tools","REPOSITORY_TOOL","ACTIVE_SUPPORT",FALSE,0,FALSE,1,0,FALSE,TRUE,TRUE
"tools/export_publication_source_data.R","export_publication_source_data.R","tools","REPOSITORY_TOOL","ACTIVE_SUPPORT",FALSE,0,FALSE,3,0,FALSE,TRUE,TRUE
"tools/generate_active_code_tree.R","generate_active_code_tree.R","tools","REPOSITORY_TOOL","ACTIVE_SUPPORT",FALSE,0,FALSE,1,0,FALSE,TRUE,TRUE
"tools/generate_architecture_docs.R","generate_architecture_docs.R","tools","REPOSITORY_TOOL","ACTIVE_SUPPORT",FALSE,0,FALSE,2,0,FALSE,TRUE,TRUE
"tools/generate_legacy_output_registry.R","generate_legacy_output_registry.R","tools","REPOSITORY_TOOL","ACTIVE_SUPPORT",FALSE,0,FALSE,1,0,FALSE,TRUE,TRUE
"tools/generate_pipeline_docs.R","generate_pipeline_docs.R","tools","REPOSITORY_TOOL","ACTIVE_SUPPORT",FALSE,0,FALSE,3,0,FALSE,TRUE,TRUE
"tools/generate_publication_freeze_manifest.R","generate_publication_freeze_manifest.R","tools","REPOSITORY_TOOL","ACTIVE_SUPPORT",FALSE,0,FALSE,3,0,FALSE,TRUE,TRUE
"tools/generate_renv_lockfile.R","generate_renv_lockfile.R","tools","REPOSITORY_TOOL","ACTIVE_SUPPORT",FALSE,0,FALSE,2,0,FALSE,TRUE,TRUE
"tools/generate_results_ownership.R","generate_results_ownership.R","tools","REPOSITORY_TOOL","ACTIVE_SUPPORT",FALSE,0,FALSE,3,0,FALSE,TRUE,TRUE
"tools/migrate_publication_export_bundle.R","migrate_publication_export_bundle.R","tools","REPOSITORY_TOOL","ACTIVE_SUPPORT",FALSE,0,FALSE,0,0,FALSE,TRUE,FALSE
"tools/normalize_script_headers.R","normalize_script_headers.R","tools","REPOSITORY_TOOL","ACTIVE_SUPPORT",FALSE,0,FALSE,1,0,FALSE,TRUE,TRUE
"tools/reference_data/derive_allen_mouse_ctx_hip_10x_markers.r","derive_allen_mouse_ctx_hip_10x_markers.r","tools","REPOSITORY_TOOL","ACTIVE_SUPPORT",FALSE,0,FALSE,1,0,FALSE,TRUE,TRUE
"tools/validate_publication_freeze.R","validate_publication_freeze.R","tools","REPOSITORY_TOOL","ACTIVE_SUPPORT",FALSE,0,FALSE,3,1,FALSE,TRUE,TRUE
"tools/verify_path_contract_rewrites.R","verify_path_contract_rewrites.R","tools","REPOSITORY_TOOL","ACTIVE_SUPPORT",FALSE,0,FALSE,3,0,FALSE,TRUE,TRUE
"tools/verify_restructure_equivalence.R","verify_restructure_equivalence.R","tools","REPOSITORY_TOOL","ACTIVE_SUPPORT",FALSE,0,FALSE,2,0,FALSE,TRUE,TRUE
"analysis/wgcna/adjudicate_module_labels.R","adjudicate_module_labels.R","wgcna","ANALYSIS_ENTRYPOINT","CANONICAL_ENTRYPOINT",TRUE,7,FALSE,12,2,FALSE,TRUE,TRUE
"analysis/wgcna/annotate_module_microenvironment.R","annotate_module_microenvironment.R","wgcna","ANALYSIS_ENTRYPOINT","CANONICAL_ENTRYPOINT",TRUE,3,FALSE,18,6,FALSE,TRUE,TRUE
"analysis/wgcna/audit_microglia_module_claims.R","audit_microglia_module_claims.R","wgcna","AUDIT","CANONICAL_ENTRYPOINT",TRUE,3,FALSE,11,5,FALSE,TRUE,TRUE
"analysis/wgcna/audit_module_claim_readiness.R","audit_module_claim_readiness.R","wgcna","SOURCE_DATA_EXPORTER","CANONICAL_ENTRYPOINT",TRUE,2,TRUE,13,3,FALSE,TRUE,TRUE
"analysis/wgcna/audit_module_label_coherence.R","audit_module_label_coherence.R","wgcna","AUDIT","CANONICAL_ENTRYPOINT",TRUE,5,FALSE,11,2,FALSE,TRUE,TRUE
"analysis/wgcna/audit_module_robustness.R","audit_module_robustness.R","wgcna","SOURCE_DATA_EXPORTER","CANONICAL_ENTRYPOINT",TRUE,3,TRUE,10,3,FALSE,TRUE,TRUE
"analysis/wgcna/build_curated_overlap_programs.R","build_curated_overlap_programs.R","wgcna","ANALYSIS_ENTRYPOINT","CANONICAL_ENTRYPOINT",TRUE,1,FALSE,12,1,FALSE,FALSE,TRUE
"analysis/wgcna/build_module_identity_contract.R","build_module_identity_contract.R","wgcna","SOURCE_DATA_EXPORTER","CANONICAL_ENTRYPOINT",TRUE,4,TRUE,14,2,FALSE,FALSE,TRUE
"analysis/wgcna/build_module_label_registry.R","build_module_label_registry.R","wgcna","ANALYSIS_ENTRYPOINT","CANONICAL_ENTRYPOINT",TRUE,5,FALSE,9,2,FALSE,TRUE,TRUE
"analysis/wgcna/build_module_spatial_networks.R","build_module_spatial_networks.R","wgcna","SUPPORT_SCRIPT","ACTIVE_SUPPORT",FALSE,0,FALSE,6,0,TRUE,FALSE,TRUE
"analysis/wgcna/build_wgcna_modules.R","build_wgcna_modules.R","wgcna","ANALYSIS_ENTRYPOINT","CANONICAL_ENTRYPOINT",TRUE,7,FALSE,23,8,FALSE,FALSE,TRUE
"analysis/wgcna/compare_module_enrichment_overlap.R","compare_module_enrichment_overlap.R","wgcna","ANALYSIS_ENTRYPOINT","CANONICAL_ENTRYPOINT",TRUE,1,FALSE,14,1,FALSE,TRUE,TRUE
"analysis/wgcna/compare_recurrent_module_proteins.R","compare_recurrent_module_proteins.R","wgcna","ANALYSIS_ENTRYPOINT","CANONICAL_ENTRYPOINT",TRUE,1,FALSE,9,1,FALSE,FALSE,TRUE
"analysis/wgcna/render_microglia_independence_figures.R","render_microglia_independence_figures.R","wgcna","SOURCE_DATA_EXPORTER","CANONICAL_ENTRYPOINT",TRUE,2,TRUE,9,1,FALSE,TRUE,TRUE
"analysis/wgcna/render_microglia_module_figures.R","render_microglia_module_figures.R","wgcna","SOURCE_DATA_EXPORTER","CANONICAL_ENTRYPOINT",TRUE,24,TRUE,11,2,FALSE,TRUE,TRUE
"analysis/wgcna/render_module_figures.R","render_module_figures.R","wgcna","ANALYSIS_ENTRYPOINT","CANONICAL_ENTRYPOINT",TRUE,7,FALSE,12,4,FALSE,TRUE,TRUE
"analysis/wgcna/render_module_go_heatmaps.R","render_module_go_heatmaps.R","wgcna","ANALYSIS_ENTRYPOINT","CANONICAL_ENTRYPOINT",TRUE,2,FALSE,11,2,FALSE,TRUE,TRUE
"analysis/wgcna/score_module_activity.R","score_module_activity.R","wgcna","ANALYSIS_ENTRYPOINT","CANONICAL_ENTRYPOINT",TRUE,2,FALSE,20,6,FALSE,TRUE,TRUE
"analysis/wgcna/summarize_microglia_module_claims.R","summarize_microglia_module_claims.R","wgcna","ANALYSIS_ENTRYPOINT","CANONICAL_ENTRYPOINT",TRUE,1,FALSE,11,1,FALSE,TRUE,TRUE
"analysis/wgcna/summarize_microglia_roi_specificity.R","summarize_microglia_roi_specificity.R","wgcna","SOURCE_DATA_EXPORTER","CANONICAL_ENTRYPOINT",TRUE,6,TRUE,9,1,FALSE,TRUE,TRUE
"analysis/wgcna/summarize_module_complex_architecture.R","summarize_module_complex_architecture.R","wgcna","SOURCE_DATA_EXPORTER","CANONICAL_ENTRYPOINT",TRUE,3,TRUE,10,2,FALSE,TRUE,TRUE
"analysis/wgcna/summarize_module_interpretation.R","summarize_module_interpretation.R","wgcna","ANALYSIS_ENTRYPOINT","CANONICAL_ENTRYPOINT",TRUE,4,FALSE,20,5,FALSE,TRUE,TRUE
"analysis/wgcna/summarize_module_scores.R","summarize_module_scores.R","wgcna","ANALYSIS_ENTRYPOINT","CANONICAL_ENTRYPOINT",TRUE,7,FALSE,12,3,FALSE,TRUE,TRUE
"analysis/wgcna/test_microglia_neuropil_independence.R","test_microglia_neuropil_independence.R","wgcna","ANALYSIS_ENTRYPOINT","CANONICAL_ENTRYPOINT",TRUE,5,FALSE,14,4,FALSE,TRUE,TRUE
"analysis/wgcna/test_module_phenotypes.R","test_module_phenotypes.R","wgcna","ANALYSIS_ENTRYPOINT","CANONICAL_ENTRYPOINT",TRUE,19,FALSE,17,9,FALSE,TRUE,TRUE
